award_id|award_name
1|#18MostDiscussedMovieof2016
2|#1MostSharedMovieof2016
3|#23MostDiscussedMovieof2008
4|#27MostSharedMovieof2008
5|#73MostDiscussedMovieof2000
6|#97BestMovieof2009
7|#18MostSharedMovieof2009
8|#71MostSharedMovieof2009
9|#77MostDiscussedMovieof2018
10|#21MostSharedMovieof2018
11|#1BestMovieof2013
12|#17MostDiscussedMovieof2013
13|#23MostSharedMovieof2013
14|#51BestMovieof2007
15|#23BestMovieof2010
16|#26MostDiscussedMovieof2010
17|#45MostSharedMovieof2010
18|#61MostSharedMovieof2011
19|#23BestMovieof2011
20|#35MostSharedMovieof2011
21|#72MostDiscussedMovieof2004
22|#51MostSharedMovieof2004
23|#51MostDiscussedMovieof2016
24|#44MostSharedMovieof2016
25|#37BestMovieof2016
26|#46MostDiscussedMovieof2007
27|#32MostSharedMovieof2007
28|#84MostDiscussedMovieof2006
29|#87MostDiscussedMovieof2009
30|#61MostSharedMovieof2009
31|#61BestMovieof2019
32|#38MostSharedMovieof2012
33|#18MostDiscussedMovieof2019
34|#14MostDiscussedMovieof2003
35|#41MostSharedMovieof2003
36|#87MostDiscussedMovieof2013
37|#70MostSharedMovieof2013
38|#78BestMovieof2007
39|#25BestMovieof2013
40|#37BestMovieof2014
41|#13MostDiscussedMovieof2009
42|#4MostSharedMovieof2009
43|#53BestMovieof2005
44|#35BestMovieof2016
45|#66MostDiscussedMovieof2008
46|#10MostSharedMovieof2008
47|#98BestMovieof2003
48|#51MostDiscussedMovieof2003
49|#43MostSharedMovieof2003
50|#22MostDiscussedMovieof2012
51|#62MostSharedMovieof2012
52|#38MostDiscussedMovieof2014
53|#54MostSharedMovieof2014
54|#70BestMovieof2009
55|#13BestMovieof2002
56|#96MostDiscussedMovieof2002
57|#100MostSharedMovieof2002
58|#53MostDiscussedMovieof2002
59|#52MostSharedMovieof2002
60|#94MostDiscussedMovieof2008
61|#43MostSharedMovieof2008
62|#64BestMovieof2003
63|#7MostDiscussedMovieof2003
64|#40MostSharedMovieof2003
65|#41BestMovieof2007
66|#18MostDiscussedMovieof2007
67|#36MostSharedMovieof2007
68|#9MostSharedMovieof2011
69|#94BestMovieof2019
70|#90BestMovieof2005
71|#49MostDiscussedMovieof2007
72|#35MostSharedMovieof2007
73|#79MostDiscussedMovieof2011
74|#5MostDiscussedMovieof2007
75|#1MostSharedMovieof2007
76|#35MostDiscussedMovieof2014
77|#52MostSharedMovieof2014
78|#93MostDiscussedMovieof2001
79|#56BestMovieof2007
80|#27MostDiscussedMovieof2007
81|#85MostSharedMovieof2007
82|#3BestMovieof2009
83|#86MostSharedMovieof2009
84|#96BestMovieof2006
85|#1BestMovieof2008
86|#52MostDiscussedMovieof2008
87|#16MostSharedMovieof2008
88|#79MostDiscussedMovieof2013
89|#71MostSharedMovieof2013
90|#98MostSharedMovieof2012
91|#2BestMovieof2015
92|#40MostSharedMovieof2015
93|#9BestMovieof2010
94|#89MostDiscussedMovieof2017
95|#43MostDiscussedMovieof2013
96|#62MostSharedMovieof2013
97|#20BestMovieof2006
98|#54BestMovieof2012
99|#48MostDiscussedMovieof2004
100|#27MostSharedMovieof2004
101|#67BestMovieof2009
102|#15MostDiscussedMovieof2009
103|#24MostSharedMovieof2009
104|#47MostDiscussedMovieof2011
105|#52MostSharedMovieof2011
106|#46BestMovieof2006
107|#28BestMovieof2013
108|#41MostDiscussedMovieof2019
109|#9BestMovieof2019
110|#64BestMovieof2002
111|#87BestMovieof2021
112|#35BestMovieof2015
113|#28BestMovieof2020
114|#44BestMovieof2002
115|#11MostDiscussedMovieof2002
116|#4MostSharedMovieof2002
117|#100MostSharedMovieof2000
118|#29MostSharedMovieof2008
119|#40MostDiscussedMovieof2009
120|#1MostSharedMovieof2009
121|#9MostSharedMovieof2005
122|#100MostSharedMovieof2015
123|#72BestMovieof2013
124|#76BestMovieof2019
125|#73MostDiscussedMovieof2019
126|#81BestMovieof2001
127|#15MostDiscussedMovieof2001
128|#16MostSharedMovieof2001
129|#8BestMovieof2018
130|#7BestMovieof2018
131|#82MostDiscussedMovieof2009
132|#77MostSharedMovieof2009
133|#10BestMovieof2008
134|#69MostDiscussedMovieof2004
135|#31MostSharedMovieof2004
136|#67MostDiscussedMovieof2017
137|#72MostSharedMovieof2017
138|#65BestMovieof2011
139|#89MostSharedMovieof2011
140|#48MostSharedMovieof2004
141|#72MostSharedMovieof2004
142|#82MostSharedMovieof2017
143|#25BestMovieof2017
144|#94MostSharedMovieof2017
145|#6BestMovieof2010
146|#47BestMovieof2017
147|#66MostDiscussedMovieof2017
148|#61MostSharedMovieof2017
149|#49BestMovieof2014
150|#91MostSharedMovieof2014
151|#32MostDiscussedMovieof2013
152|#45MostSharedMovieof2013
153|#53MostSharedMovieof2006
154|#85MostDiscussedMovieof2013
155|#99BestMovieof2019
156|#34BestMovieof2013
157|#25BestMovieof2005
158|#6MostDiscussedMovieof2005
159|#41MostSharedMovieof2005
160|#41MostDiscussedMovieof2001
161|#55MostSharedMovieof2001
162|#58MostSharedMovieof2012
163|#77MostSharedMovieof2005
164|#69BestMovieof2001
165|#72BestMovieof2007
166|#26BestMovieof2003
167|#56MostSharedMovieof2003
168|#44MostDiscussedMovieof2014
169|#99BestMovieof2016
170|#93MostSharedMovieof2016
171|#62BestMovieof2014
172|#80MostDiscussedMovieof2014
173|#87MostSharedMovieof2014
174|#95MostDiscussedMovieof2014
175|#32MostDiscussedMovieof2010
176|#98MostDiscussedMovieof2009
177|#56BestMovieof2015
178|#62BestMovieof2006
179|#82MostDiscussedMovieof2006
180|#5BestMovieof2010
181|#92MostSharedMovieof2010
182|#56BestMovieof2018
183|#9MostDiscussedMovieof2018
184|#3MostSharedMovieof2018
185|#31MostDiscussedMovieof2021
186|#6MostSharedMovieof2021
187|#4MostSharedMovieof2001
188|#67BestMovieof2017
189|#69BestMovieof2013
190|#97BestMovieof2012
191|#78BestMovieof2006
192|#64MostDiscussedMovieof2006
193|#96BestMovieof2011
194|#71BestMovieof2008
195|#91BestMovieof2020
196|#1BestMovieof2011
197|#57MostDiscussedMovieof2011
198|#32MostSharedMovieof2011
199|#18BestMovieof2009
200|#33MostDiscussedMovieof2009
201|#68MostSharedMovieof2009
202|#75BestMovieof2020
203|#95BestMovieof2017
204|#93MostDiscussedMovieof2017
205|#61MostDiscussedMovieof2018
206|#74MostSharedMovieof2018
207|#57BestMovieof2012
208|#55BestMovieof2009
209|#81MostDiscussedMovieof2009
210|#82MostSharedMovieof2009
211|#78BestMovieof2001
212|#21BestMovieof2018
213|#7MostDiscussedMovieof2018
214|#5MostSharedMovieof2018
215|#67MostDiscussedMovieof2004
216|#93MostSharedMovieof2004
217|#61BestMovieof2004
218|#95MostSharedMovieof2013
219|#51BestMovieof2020
220|#30BestMovieof2000
221|#74BestMovieof2013
222|#54BestMovieof2004
223|#89MostDiscussedMovieof2014
224|#28MostDiscussedMovieof2002
225|#10MostSharedMovieof2002
226|#56BestMovieof2016
227|#56BestMovieof2020
228|#76BestMovieof2009
229|#85BestMovieof2003
230|#43MostDiscussedMovieof2018
231|#22MostSharedMovieof2018
232|#73BestMovieof2002
233|#84MostDiscussedMovieof2011
234|#78MostSharedMovieof2011
235|#39BestMovieof2001
236|#81BestMovieof2016
237|#60BestMovieof2002
238|#48MostDiscussedMovieof2002
239|#50MostSharedMovieof2002
240|#20BestMovieof2015
241|#22BestMovieof2021
242|#11BestMovieof2002
243|#54MostDiscussedMovieof2002
244|#57MostSharedMovieof2002
245|#86MostDiscussedMovieof2013
246|#41MostSharedMovieof2013
247|#53MostDiscussedMovieof2012
248|#75BestMovieof2014
249|#58BestMovieof2021
250|#41MostSharedMovieof2006
251|#32MostDiscussedMovieof2007
252|#70MostSharedMovieof2007
253|#73MostDiscussedMovieof2012
254|#87BestMovieof2014
255|#74BestMovieof2019
256|#14MostDiscussedMovieof2019
257|#96BestMovieof2001
258|#19BestMovieof2002
259|#22MostDiscussedMovieof2002
260|#87MostSharedMovieof2002
261|#68MostSharedMovieof2014
262|#76MostSharedMovieof2018
263|#62BestMovieof2009
264|#42MostDiscussedMovieof2009
265|#97MostSharedMovieof2009
266|#28BestMovieof2016
267|#53BestMovieof2009
268|#39MostSharedMovieof2019
269|#28MostDiscussedMovieof2013
270|#44MostSharedMovieof2013
271|#76BestMovieof2005
272|#90BestMovieof2004
273|#41BestMovieof2017
274|#46BestMovieof2007
275|#97BestMovieof2013
276|#37MostSharedMovieof2010
277|#95BestMovieof2014
278|#58MostSharedMovieof2003
279|#80BestMovieof2010
280|#16MostDiscussedMovieof2001
281|#37MostSharedMovieof2001
282|#36BestMovieof2012
283|#76BestMovieof2000
284|#79BestMovieof2013
285|#22BestMovieof2010
286|#98BestMovieof2006
287|#76MostSharedMovieof2006
288|#16MostDiscussedMovieof2019
289|#28MostSharedMovieof2019
290|#53MostDiscussedMovieof2004
291|#35MostSharedMovieof2004
292|#8BestMovieof2008
293|#86MostDiscussedMovieof2001
294|#91MostSharedMovieof2001
295|#75BestMovieof2002
296|#14MostDiscussedMovieof2010
297|#19MostSharedMovieof2010
298|#46MostDiscussedMovieof2016
299|#78MostSharedMovieof2016
300|#10MostDiscussedMovieof2017
301|#13MostSharedMovieof2017
302|#5MostDiscussedMovieof2019
303|#9MostSharedMovieof2019
304|#67BestMovieof2002
305|#75MostDiscussedMovieof2009
306|#79MostSharedMovieof2017
307|#77BestMovieof2020
308|#39BestMovieof2021
309|#12BestMovieof2013
310|#60MostDiscussedMovieof2013
311|#82BestMovieof2019
312|#80BestMovieof2002
313|#83MostDiscussedMovieof2017
314|#92MostSharedMovieof2017
315|#81BestMovieof2003
316|#86MostSharedMovieof2016
317|#4BestMovieof2000
318|#14MostDiscussedMovieof2000
319|#33MostSharedMovieof2000
320|#91MostDiscussedMovieof2020
321|#59MostDiscussedMovieof2005
322|#42MostSharedMovieof2005
323|#67MostDiscussedMovieof2001
324|#81MostDiscussedMovieof2004
325|#80MostSharedMovieof2004
326|#80MostSharedMovieof2018
327|#74MostSharedMovieof2010
328|#94MostSharedMovieof2007
329|#55MostDiscussedMovieof2007
330|#34MostSharedMovieof2007
331|#86MostDiscussedMovieof2011
332|#92MostDiscussedMovieof2015
333|#69MostSharedMovieof2015
334|#63MostDiscussedMovieof2009
335|#81MostSharedMovieof2009
336|#77BestMovieof2016
337|#41BestMovieof2003
338|#2BestMovieof2018
339|#97BestMovieof2001
340|#9MostDiscussedMovieof2001
341|#38MostSharedMovieof2001
342|#93BestMovieof2010
343|#83MostDiscussedMovieof2014
344|#87MostDiscussedMovieof2017
345|#79MostDiscussedMovieof2001
346|#23BestMovieof2019
347|#59BestMovieof2007
348|#35MostDiscussedMovieof2007
349|#38MostSharedMovieof2007
350|#65BestMovieof2016
351|#9BestMovieof2013
352|#13MostDiscussedMovieof2013
353|#37MostSharedMovieof2013
354|#71MostDiscussedMovieof2017
355|#57MostSharedMovieof2017
356|#42MostDiscussedMovieof2001
357|#8MostSharedMovieof2001
358|#3MostDiscussedMovieof2000
359|#8MostSharedMovieof2000
360|#81MostDiscussedMovieof2012
361|#61MostSharedMovieof2012
362|#18MostDiscussedMovieof2014
363|#9MostSharedMovieof2014
364|#4BestMovieof2003
365|#69MostDiscussedMovieof2015
366|#77MostSharedMovieof2000
367|#67MostDiscussedMovieof2003
368|#79MostSharedMovieof2003
369|#22BestMovieof2001
370|#74MostDiscussedMovieof2001
371|#56MostSharedMovieof2001
372|#3BestMovieof2012
373|#83MostDiscussedMovieof2012
374|#51MostSharedMovieof2012
375|#92BestMovieof2009
376|#27BestMovieof2015
377|#74MostDiscussedMovieof2002
378|#65MostSharedMovieof2000
379|#22MostDiscussedMovieof2008
380|#75MostSharedMovieof2006
381|#69BestMovieof2020
382|#11BestMovieof2009
383|#74MostDiscussedMovieof2009
384|#18BestMovieof2019
385|#59BestMovieof2006
386|#60MostDiscussedMovieof2006
387|#84MostSharedMovieof2006
388|#96MostSharedMovieof2005
389|#64BestMovieof2007
390|#23MostSharedMovieof2004
391|#19MostSharedMovieof2004
392|#39MostDiscussedMovieof2013
393|#11MostDiscussedMovieof2004
394|#88MostSharedMovieof2004
395|#54BestMovieof2010
396|#14BestMovieof2006
397|#85MostDiscussedMovieof2019
398|#86MostSharedMovieof2019
399|#50BestMovieof2019
400|#34MostDiscussedMovieof2009
401|#59MostSharedMovieof2009
402|#88BestMovieof2018
403|#36MostDiscussedMovieof2003
404|#57MostSharedMovieof2003
405|#63MostSharedMovieof2000
406|#20BestMovieof2010
407|#35MostSharedMovieof2010
408|#57BestMovieof2008
409|#79MostDiscussedMovieof2019
410|#65MostSharedMovieof2019
411|#90MostSharedMovieof2012
412|#42MostDiscussedMovieof2014
413|#15MostSharedMovieof2014
414|#63MostDiscussedMovieof2019
415|#56MostDiscussedMovieof2017
416|#59MostSharedMovieof2017
417|#88BestMovieof2021
418|#81MostDiscussedMovieof2014
419|#50MostSharedMovieof2014
420|#81BestMovieof2018
421|#15MostDiscussedMovieof2018
422|#8MostSharedMovieof2018
423|#17BestMovieof2015
424|#67MostDiscussedMovieof2015
425|#41MostSharedMovieof2015
426|#43MostSharedMovieof2006
427|#72BestMovieof2005
428|#76BestMovieof2020
429|#75MostDiscussedMovieof2020
430|#37BestMovieof2010
431|#8MostDiscussedMovieof2015
432|#67MostSharedMovieof2015
433|#16MostDiscussedMovieof2018
434|#29MostSharedMovieof2018
435|#67MostDiscussedMovieof2020
436|#64MostDiscussedMovieof2009
437|#51MostSharedMovieof2009
438|#68MostDiscussedMovieof2001
439|#64BestMovieof2010
440|#30BestMovieof2009
441|#34MostDiscussedMovieof2005
442|#63MostSharedMovieof2005
443|#5BestMovieof2019
444|#56MostSharedMovieof2019
445|#1BestMovieof2001
446|#16MostDiscussedMovieof2006
447|#6MostSharedMovieof2006
448|#13BestMovieof2019
449|#98MostSharedMovieof2019
450|#78MostDiscussedMovieof2011
451|#47BestMovieof2015
452|#24BestMovieof2016
453|#100MostDiscussedMovieof2007
454|#6MostDiscussedMovieof2018
455|#64MostSharedMovieof2018
456|#77MostSharedMovieof2006
457|#79BestMovieof2019
458|#14BestMovieof2016
459|#65BestMovieof2015
460|#54BestMovieof2015
461|#74BestMovieof2015
462|#58BestMovieof2018
463|#43MostDiscussedMovieof2002
464|#86BestMovieof2009
465|#87BestMovieof2012
466|#40BestMovieof2014
467|#70MostSharedMovieof2005
468|#12BestMovieof2012
469|#18MostDiscussedMovieof2012
470|#19MostSharedMovieof2012
471|#95BestMovieof2005
472|#13MostDiscussedMovieof2021
473|#95MostDiscussedMovieof2021
474|#82BestMovieof2004
475|#100MostSharedMovieof2004
476|#85BestMovieof2021
477|#48BestMovieof2016
478|#9MostDiscussedMovieof2016
479|#23MostSharedMovieof2016
480|#31MostDiscussedMovieof2020
481|#68MostDiscussedMovieof2014
482|#88MostSharedMovieof2014
483|#61BestMovieof2021
484|#25BestMovieof2019
485|#70MostSharedMovieof2019
486|#15MostDiscussedMovieof2016
487|#39MostSharedMovieof2016
488|#84MostSharedMovieof2009
489|#38BestMovieof2013
490|#82BestMovieof2001
491|#2BestMovieof2002
492|#24BestMovieof2020
493|#48MostSharedMovieof2006
494|#27BestMovieof2019
495|#37BestMovieof2021
496|#24MostDiscussedMovieof2001
497|#97MostSharedMovieof2001
498|#80MostDiscussedMovieof2011
499|#47MostDiscussedMovieof2017
500|#52MostSharedMovieof2017
501|#16BestMovieof2007
502|#23MostDiscussedMovieof2007
503|#10MostSharedMovieof2007
504|#70BestMovieof2011
505|#82MostDiscussedMovieof2011
506|#98BestMovieof2012
507|#15BestMovieof2021
508|#43MostDiscussedMovieof2001
509|#95MostSharedMovieof2001
510|#94MostDiscussedMovieof2013
511|#94MostSharedMovieof2013
512|#40MostDiscussedMovieof2007
513|#54MostSharedMovieof2007
514|#39MostDiscussedMovieof2002
515|#64MostSharedMovieof2002
516|#49MostDiscussedMovieof2008
517|#37MostSharedMovieof2008
518|#76MostSharedMovieof2000
519|#53BestMovieof2018
520|#21BestMovieof2009
521|#1MostDiscussedMovieof2009
522|#2MostSharedMovieof2009
523|#4MostDiscussedMovieof2015
524|#56MostSharedMovieof2015
525|#4MostDiscussedMovieof2019
526|#1MostSharedMovieof2019
527|#1MostDiscussedMovieof2018
528|#2MostSharedMovieof2018
529|#22MostDiscussedMovieof2004
530|#30MostSharedMovieof2004
531|#9MostDiscussedMovieof2007
532|#63MostSharedMovieof2007
533|#9BestMovieof2007
534|#96MostDiscussedMovieof2007
535|#14BestMovieof2021
536|#69BestMovieof2004
537|#9MostDiscussedMovieof2006
538|#32MostSharedMovieof2006
539|#30MostSharedMovieof2001
540|#29BestMovieof2017
541|#16MostDiscussedMovieof2017
542|#15MostSharedMovieof2017
543|#76MostSharedMovieof2008
544|#75BestMovieof2019
545|#88MostDiscussedMovieof2008
546|#63MostSharedMovieof2008
547|#94BestMovieof2020
548|#50BestMovieof2020
549|#93MostDiscussedMovieof2020
550|#24MostDiscussedMovieof2020
551|#1MostSharedMovieof2020
552|#21MostDiscussedMovieof2003
553|#94BestMovieof2001
554|#31BestMovieof2004
555|#91MostDiscussedMovieof2004
556|#68BestMovieof2020
557|#77MostDiscussedMovieof2016
558|#69MostSharedMovieof2016
559|#100BestMovieof2003
560|#43MostDiscussedMovieof2003
561|#42MostSharedMovieof2003
562|#59MostDiscussedMovieof2011
563|#63MostSharedMovieof2011
564|#49MostDiscussedMovieof2018
565|#72MostSharedMovieof2018
566|#91BestMovieof2016
567|#83MostDiscussedMovieof2000
568|#14BestMovieof2008
569|#26BestMovieof2005
570|#81MostDiscussedMovieof2002
571|#73BestMovieof2012
572|#31BestMovieof2007
573|#98MostDiscussedMovieof2000
574|#97BestMovieof2008
575|#90MostDiscussedMovieof2008
576|#49MostSharedMovieof2008
577|#33BestMovieof2001
578|#11BestMovieof2012
579|#46MostSharedMovieof2002
580|#83MostSharedMovieof2016
581|#92BestMovieof2017
582|#92MostDiscussedMovieof2003
583|#93MostSharedMovieof2003
584|#20MostSharedMovieof2006
585|#94BestMovieof2018
586|#4MostDiscussedMovieof2005
587|#8MostSharedMovieof2005
588|#1MostDiscussedMovieof2016
589|#2MostSharedMovieof2016
590|#14MostDiscussedMovieof2011
591|#73MostSharedMovieof2011
592|#95MostDiscussedMovieof2017
593|#67MostSharedMovieof2017
594|#6MostDiscussedMovieof2000
595|#11MostSharedMovieof2000
596|#28MostDiscussedMovieof2012
597|#16MostSharedMovieof2012
598|#65MostDiscussedMovieof2017
599|#51MostSharedMovieof2017
600|#63MostDiscussedMovieof2008
601|#99BestMovieof2017
602|#30BestMovieof2020
603|#81BestMovieof2015
604|#26MostSharedMovieof2015
605|#14BestMovieof2012
606|#59MostDiscussedMovieof2012
607|#11MostSharedMovieof2020
608|#57BestMovieof2011
609|#3BestMovieof2000
610|#100MostSharedMovieof2013
611|#25BestMovieof2000
612|#29MostDiscussedMovieof2017
613|#18MostSharedMovieof2017
614|#62BestMovieof2008
615|#89MostDiscussedMovieof2000
616|#95MostSharedMovieof2000
617|#34MostDiscussedMovieof2007
618|#17MostSharedMovieof2007
619|#62BestMovieof2010
620|#47BestMovieof2008
621|#3BestMovieof2013
622|#73MostDiscussedMovieof2013
623|#29MostSharedMovieof2013
624|#8BestMovieof2000
625|#4BestMovieof2004
626|#42MostDiscussedMovieof2004
627|#39MostSharedMovieof2004
628|#15BestMovieof2007
629|#42MostDiscussedMovieof2007
630|#68MostSharedMovieof2007
631|#100MostDiscussedMovieof2014
632|#57MostSharedMovieof2014
633|#33BestMovieof2011
634|#64MostSharedMovieof2011
635|#73BestMovieof2021
636|#37BestMovieof2017
637|#91MostDiscussedMovieof2001
638|#35MostSharedMovieof2001
639|#70BestMovieof2001
640|#59MostDiscussedMovieof2002
641|#38BestMovieof2016
642|#71MostDiscussedMovieof2021
643|#83MostSharedMovieof2018
644|#72MostDiscussedMovieof2021
645|#100BestMovieof2011
646|#8MostSharedMovieof2002
647|#78MostDiscussedMovieof2016
648|#75MostSharedMovieof2003
649|#53BestMovieof2011
650|#74BestMovieof2017
651|#82BestMovieof2000
652|#33MostDiscussedMovieof2007
653|#49BestMovieof2013
654|#70BestMovieof2021
655|#70BestMovieof2008
656|#74BestMovieof2012
657|#89MostDiscussedMovieof2012
658|#31BestMovieof2000
659|#66MostDiscussedMovieof2000
660|#74MostSharedMovieof2000
661|#97BestMovieof2015
662|#52BestMovieof2016
663|#94BestMovieof2000
664|#52MostSharedMovieof2001
665|#52BestMovieof2012
666|#95MostSharedMovieof2012
667|#53BestMovieof2013
668|#71BestMovieof2000
669|#83BestMovieof2020
670|#89BestMovieof2004
671|#97MostDiscussedMovieof2014
672|#71MostSharedMovieof2014
673|#90MostDiscussedMovieof2002
674|#18MostDiscussedMovieof2003
675|#15MostSharedMovieof2003
676|#27MostDiscussedMovieof2014
677|#11MostSharedMovieof2014
678|#5BestMovieof2014
679|#79MostDiscussedMovieof2000
680|#61MostSharedMovieof2000
681|#93MostSharedMovieof2006
682|#15MostSharedMovieof2020
683|#36BestMovieof2008
684|#56BestMovieof2011
685|#19MostDiscussedMovieof2020
686|#84BestMovieof2021
687|#97MostDiscussedMovieof2021
688|#59BestMovieof2000
689|#65MostDiscussedMovieof2000
690|#96MostSharedMovieof2000
691|#66BestMovieof2007
692|#25MostDiscussedMovieof2018
693|#58BestMovieof2013
694|#15BestMovieof2014
695|#11MostDiscussedMovieof2014
696|#13MostSharedMovieof2014
697|#24BestMovieof2019
698|#53MostSharedMovieof2019
699|#3MostDiscussedMovieof2020
700|#97MostDiscussedMovieof2004
701|#83MostSharedMovieof2004
702|#90MostSharedMovieof2002
703|#33BestMovieof2018
704|#100MostSharedMovieof2010
705|#79BestMovieof2020
706|#87MostSharedMovieof2007
707|#76MostDiscussedMovieof2019
708|#97MostSharedMovieof2011
709|#61BestMovieof2001
710|#14MostDiscussedMovieof2001
711|#29MostSharedMovieof2001
712|#27BestMovieof2020
713|#2MostDiscussedMovieof2020
714|#47MostDiscussedMovieof2015
715|#7MostSharedMovieof2015
716|#21BestMovieof2019
717|#30BestMovieof2006
718|#25BestMovieof2018
719|#2MostDiscussedMovieof2018
720|#1MostSharedMovieof2018
721|#44BestMovieof2010
722|#8MostDiscussedMovieof2010
723|#21MostSharedMovieof2010
724|#5MostDiscussedMovieof2021
725|#23BestMovieof2013
726|#51BestMovieof2018
727|#27MostDiscussedMovieof2018
728|#50MostSharedMovieof2018
729|#26MostDiscussedMovieof2002
730|#59MostSharedMovieof2002
731|#60BestMovieof2017
732|#5MostDiscussedMovieof2017
733|#8MostSharedMovieof2017
734|#59MostDiscussedMovieof2004
735|#75MostDiscussedMovieof2007
736|#66MostDiscussedMovieof2016
737|#37BestMovieof2013
738|#96MostDiscussedMovieof2014
739|#77MostDiscussedMovieof2000
740|#38BestMovieof2015
741|#43BestMovieof2004
742|#37BestMovieof2003
743|#64MostSharedMovieof2019
744|#92MostDiscussedMovieof2008
745|#72BestMovieof2008
746|#50BestMovieof2004
747|#84MostDiscussedMovieof2018
748|#36MostSharedMovieof2018
749|#24MostDiscussedMovieof2006
750|#18MostSharedMovieof2006
751|#75MostDiscussedMovieof2002
752|#92MostDiscussedMovieof2006
753|#37MostDiscussedMovieof2020
754|#39BestMovieof2020
755|#3BestMovieof2002
756|#74MostSharedMovieof2002
757|#59MostDiscussedMovieof2001
758|#11MostSharedMovieof2001
759|#82BestMovieof2010
760|#76BestMovieof2013
761|#48BestMovieof2003
762|#73MostSharedMovieof2003
763|#10BestMovieof2013
764|#95MostDiscussedMovieof2013
765|#2MostSharedMovieof2013
766|#63BestMovieof2013
767|#58MostDiscussedMovieof2013
768|#43MostSharedMovieof2013
769|#72BestMovieof2014
770|#28BestMovieof2010
771|#50MostDiscussedMovieof2010
772|#3MostSharedMovieof2010
773|#58MostDiscussedMovieof2020
774|#75MostDiscussedMovieof2018
775|#75MostSharedMovieof2018
776|#93MostDiscussedMovieof2006
777|#97MostSharedMovieof2006
778|#64BestMovieof2011
779|#86MostDiscussedMovieof2008
780|#48MostSharedMovieof2008
781|#11MostDiscussedMovieof2018
782|#19MostSharedMovieof2018
783|#31MostSharedMovieof2003
784|#65MostDiscussedMovieof2008
785|#39MostSharedMovieof2008
786|#81BestMovieof2011
787|#75MostDiscussedMovieof2019
788|#80MostDiscussedMovieof2015
789|#66MostSharedMovieof2015
790|#30MostSharedMovieof2005
791|#47MostSharedMovieof2018
792|#48MostDiscussedMovieof2000
793|#80MostSharedMovieof2000
794|#56BestMovieof2012
795|#30BestMovieof2019
796|#39MostDiscussedMovieof2019
797|#20MostSharedMovieof2019
798|#6BestMovieof2006
799|#2MostDiscussedMovieof2006
800|#16MostSharedMovieof2006
801|#12MostDiscussedMovieof2020
802|#42BestMovieof2004
803|#71BestMovieof2014
804|#98MostDiscussedMovieof2021
805|#64MostDiscussedMovieof2000
806|#93MostSharedMovieof2000
807|#81BestMovieof2002
808|#73MostDiscussedMovieof2002
809|#73MostSharedMovieof2002
810|#17BestMovieof2010
811|#60BestMovieof2008
812|#71BestMovieof2015
813|#1BestMovieof2014
814|#6MostDiscussedMovieof2014
815|#6MostSharedMovieof2014
816|#81MostSharedMovieof2000
817|#34BestMovieof2020
818|#43BestMovieof2017
819|#40BestMovieof2007
820|#24MostDiscussedMovieof2012
821|#31MostSharedMovieof2012
822|#88BestMovieof2017
823|#77BestMovieof2007
824|#89MostSharedMovieof2018
825|#60MostSharedMovieof2019
826|#87BestMovieof2015
827|#99BestMovieof2006
828|#62MostDiscussedMovieof2006
829|#82MostSharedMovieof2006
830|#66MostSharedMovieof2009
831|#72BestMovieof2011
832|#25MostDiscussedMovieof2011
833|#60MostSharedMovieof2011
834|#52BestMovieof2015
835|#33MostDiscussedMovieof2015
836|#23MostSharedMovieof2015
837|#71BestMovieof2007
838|#39MostDiscussedMovieof2007
839|#66MostDiscussedMovieof2001
840|#48MostSharedMovieof2001
841|#12MostDiscussedMovieof2017
842|#58MostSharedMovieof2017
843|#38BestMovieof2004
844|#36BestMovieof2009
845|#50MostDiscussedMovieof2019
846|#67MostSharedMovieof2019
847|#23MostSharedMovieof2000
848|#94BestMovieof2004
849|#5BestMovieof2005
850|#2MostDiscussedMovieof2005
851|#10MostSharedMovieof2005
852|#61BestMovieof2009
853|#43BestMovieof2005
854|#38MostDiscussedMovieof2005
855|#100BestMovieof2009
856|#27MostSharedMovieof2009
857|#18BestMovieof2015
858|#51MostDiscussedMovieof2015
859|#34MostSharedMovieof2015
860|#64BestMovieof2012
861|#38MostDiscussedMovieof2003
862|#47MostSharedMovieof2003
863|#79MostDiscussedMovieof2009
864|#72MostSharedMovieof2009
865|#61BestMovieof2005
866|#49MostDiscussedMovieof2003
867|#62MostSharedMovieof2003
868|#25MostDiscussedMovieof2009
869|#20MostSharedMovieof2009
870|#65MostDiscussedMovieof2001
871|#97BestMovieof2006
872|#60BestMovieof2011
873|#71MostDiscussedMovieof2007
874|#52BestMovieof2004
875|#81MostSharedMovieof2001
876|#22MostDiscussedMovieof2018
877|#93BestMovieof2020
878|#72MostDiscussedMovieof2010
879|#27MostSharedMovieof2010
880|#61MostDiscussedMovieof2010
881|#23MostSharedMovieof2010
882|#32BestMovieof2009
883|#19MostDiscussedMovieof2008
884|#53MostSharedMovieof2008
885|#11BestMovieof2018
886|#99MostSharedMovieof2018
887|#35BestMovieof2014
888|#51MostSharedMovieof2015
889|#18BestMovieof2003
890|#96BestMovieof2000
891|#98BestMovieof2015
892|#85MostSharedMovieof2015
893|#33BestMovieof2000
894|#41MostDiscussedMovieof2003
895|#65MostSharedMovieof2003
896|#13BestMovieof2005
897|#22MostDiscussedMovieof2005
898|#73MostSharedMovieof2005
899|#71BestMovieof2013
900|#32BestMovieof2005
901|#80BestMovieof2017
902|#3BestMovieof2017
903|#21MostDiscussedMovieof2017
904|#27MostSharedMovieof2017
905|#48BestMovieof2013
906|#12BestMovieof2000
907|#80BestMovieof2014
908|#21BestMovieof2016
909|#83BestMovieof2007
910|#21BestMovieof2021
911|#27BestMovieof2018
912|#93MostDiscussedMovieof2018
913|#35MostDiscussedMovieof2021
914|#60BestMovieof2020
915|#51MostDiscussedMovieof2009
916|#93MostSharedMovieof2009
917|#2BestMovieof2005
918|#35MostDiscussedMovieof2005
919|#7MostDiscussedMovieof2016
920|#14MostSharedMovieof2016
921|#5MostDiscussedMovieof2011
922|#11MostSharedMovieof2011
923|#5MostDiscussedMovieof2014
924|#36MostSharedMovieof2014
925|#79MostDiscussedMovieof2016
926|#99MostSharedMovieof2016
927|#3MostDiscussedMovieof2019
928|#2MostSharedMovieof2019
929|#36BestMovieof2013
930|#31MostDiscussedMovieof2013
931|#89MostSharedMovieof2013
932|#91MostDiscussedMovieof2017
933|#98MostDiscussedMovieof2019
934|#82MostSharedMovieof2019
935|#5BestMovieof2003
936|#91BestMovieof2008
937|#2BestMovieof2010
938|#24MostSharedMovieof2010
939|#47BestMovieof2019
940|#84BestMovieof2003
941|#1BestMovieof2015
942|#41MostDiscussedMovieof2015
943|#3MostSharedMovieof2015
944|#40MostDiscussedMovieof2013
945|#56MostSharedMovieof2013
946|#86BestMovieof2006
947|#18MostDiscussedMovieof2006
948|#10MostSharedMovieof2006
949|#19MostDiscussedMovieof2011
950|#8MostSharedMovieof2011
951|#45MostDiscussedMovieof2017
952|#43MostSharedMovieof2017
953|#56MostSharedMovieof2010
954|#33BestMovieof2006
955|#4MostDiscussedMovieof2006
956|#11MostSharedMovieof2006
957|#63BestMovieof2000
958|#17MostDiscussedMovieof2000
959|#13MostSharedMovieof2000
960|#93MostSharedMovieof2007
961|#58BestMovieof2002
962|#10MostDiscussedMovieof2002
963|#13MostSharedMovieof2002
964|#77BestMovieof2011
965|#100MostDiscussedMovieof2010
966|#28MostDiscussedMovieof2019
967|#78MostDiscussedMovieof2001
968|#69MostSharedMovieof2001
969|#31MostDiscussedMovieof2004
970|#32MostSharedMovieof2004
971|#12BestMovieof2011
972|#91BestMovieof2019
973|#96MostDiscussedMovieof2004
974|#17BestMovieof2016
975|#59MostSharedMovieof2012
976|#71MostDiscussedMovieof2016
977|#82MostSharedMovieof2016
978|#70MostSharedMovieof2010
979|#45BestMovieof2016
980|#28BestMovieof2011
981|#90BestMovieof2019
982|#63MostSharedMovieof2009
983|#68MostDiscussedMovieof2008
984|#77MostSharedMovieof2008
985|#70MostDiscussedMovieof2002
986|#14MostSharedMovieof2005
987|#31BestMovieof2003
988|#74MostDiscussedMovieof2021
989|#69MostSharedMovieof2018
990|#14MostDiscussedMovieof2015
991|#89BestMovieof2005
992|#17MostDiscussedMovieof2005
993|#12MostSharedMovieof2005
994|#33BestMovieof2004
995|#73MostDiscussedMovieof2007
996|#28MostDiscussedMovieof2000
997|#34MostSharedMovieof2000
998|#46MostDiscussedMovieof2019
999|#80MostDiscussedMovieof2003
1000|#27MostSharedMovieof2003
1001|#75BestMovieof2003
1002|#95MostSharedMovieof2006
1003|#23BestMovieof2017
1004|#75BestMovieof2012
1005|#40BestMovieof2006
1006|#53MostDiscussedMovieof2003
1007|#81MostDiscussedMovieof2005
1008|#56MostDiscussedMovieof2014
1009|#51MostSharedMovieof2014
1010|#78MostDiscussedMovieof2020
1011|#68MostDiscussedMovieof2012
1012|#78MostDiscussedMovieof2021
1013|#98MostSharedMovieof2015
1014|#27BestMovieof2002
1015|#30MostDiscussedMovieof2002
1016|#33MostSharedMovieof2002
1017|#99BestMovieof2008
1018|#37MostDiscussedMovieof2005
1019|#5BestMovieof2000
1020|#15MostDiscussedMovieof2000
1021|#15MostSharedMovieof2000
1022|#65BestMovieof2012
1023|#19BestMovieof2006
1024|#7MostDiscussedMovieof2006
1025|#21MostSharedMovieof2006
1026|#1BestMovieof2012
1027|#10BestMovieof2001
1028|#57MostDiscussedMovieof2019
1029|#49MostSharedMovieof2019
1030|#79BestMovieof2014
1031|#90BestMovieof2007
1032|#2MostSharedMovieof2007
1033|#58BestMovieof2012
1034|#60BestMovieof2019
1035|#100MostSharedMovieof2017
1036|#83BestMovieof2004
1037|#62MostSharedMovieof2010
1038|#39MostDiscussedMovieof2000
1039|#58MostSharedMovieof2000
1040|#18BestMovieof2008
1041|#31BestMovieof2008
1042|#79BestMovieof2015
1043|#60MostDiscussedMovieof2004
1044|#82MostSharedMovieof2004
1045|#53MostDiscussedMovieof2018
1046|#95MostSharedMovieof2018
1047|#26MostDiscussedMovieof2012
1048|#45MostSharedMovieof2012
1049|#40BestMovieof2000
1050|#23BestMovieof2000
1051|#44MostDiscussedMovieof2015
1052|#53MostSharedMovieof2015
1053|#19MostDiscussedMovieof2021
1054|#69MostDiscussedMovieof2005
1055|#60BestMovieof2005
1056|#54BestMovieof2011
1057|#67MostSharedMovieof2009
1058|#14BestMovieof2014
1059|#13BestMovieof2020
1060|#27BestMovieof2017
1061|#36BestMovieof2003
1062|#15MostDiscussedMovieof2003
1063|#13MostSharedMovieof2003
1064|#17BestMovieof2011
1065|#30MostSharedMovieof2008
1066|#74BestMovieof2018
1067|#93BestMovieof2017
1068|#13MostDiscussedMovieof2010
1069|#38MostSharedMovieof2010
1070|#44MostDiscussedMovieof2012
1071|#68BestMovieof2005
1072|#74MostDiscussedMovieof2006
1073|#41MostDiscussedMovieof2006
1074|#2MostSharedMovieof2006
1075|#92BestMovieof2006
1076|#88MostDiscussedMovieof2019
1077|#23MostSharedMovieof2019
1078|#50BestMovieof2014
1079|#32MostDiscussedMovieof2004
1080|#64MostSharedMovieof2004
1081|#49BestMovieof2016
1082|#12MostDiscussedMovieof2012
1083|#13MostSharedMovieof2012
1084|#84BestMovieof2015
1085|#52MostDiscussedMovieof2009
1086|#60MostSharedMovieof2009
1087|#5MostDiscussedMovieof2008
1088|#12MostSharedMovieof2008
1089|#63BestMovieof2021
1090|#38MostSharedMovieof2005
1091|#64BestMovieof2017
1092|#20MostDiscussedMovieof2017
1093|#35MostSharedMovieof2017
1094|#84MostDiscussedMovieof2021
1095|#83BestMovieof2014
1096|#62BestMovieof2001
1097|#100MostSharedMovieof2003
1098|#67BestMovieof2003
1099|#60MostDiscussedMovieof2003
1100|#94MostSharedMovieof2003
1101|#74MostDiscussedMovieof2019
1102|#12BestMovieof2018
1103|#40MostDiscussedMovieof2004
1104|#47MostSharedMovieof2004
1105|#67MostSharedMovieof2016
1106|#2BestMovieof2020
1107|#95MostSharedMovieof2008
1108|#69BestMovieof2016
1109|#49MostSharedMovieof2011
1110|#50MostDiscussedMovieof2020
1111|#90MostDiscussedMovieof2017
1112|#90MostSharedMovieof2017
1113|#10BestMovieof2017
1114|#51BestMovieof2021
1115|#38MostDiscussedMovieof2021
1116|#51BestMovieof2015
1117|#82BestMovieof2016
1118|#72BestMovieof2006
1119|#62BestMovieof2021
1120|#68MostDiscussedMovieof2011
1121|#56BestMovieof2014
1122|#24BestMovieof2003
1123|#91MostDiscussedMovieof2015
1124|#72MostSharedMovieof2015
1125|#55MostDiscussedMovieof2005
1126|#26MostSharedMovieof2005
1127|#35BestMovieof2012
1128|#23MostDiscussedMovieof2011
1129|#89BestMovieof2017
1130|#100MostDiscussedMovieof2012
1131|#42BestMovieof2007
1132|#97BestMovieof2005
1133|#40BestMovieof2004
1134|#83MostDiscussedMovieof2004
1135|#71BestMovieof2001
1136|#92MostDiscussedMovieof2010
1137|#93MostSharedMovieof2010
1138|#98MostSharedMovieof2006
1139|#45BestMovieof2009
1140|#16MostDiscussedMovieof2009
1141|#10MostSharedMovieof2009
1142|#45BestMovieof2011
1143|#98MostDiscussedMovieof2001
1144|#14BestMovieof2005
1145|#20MostDiscussedMovieof2005
1146|#95MostSharedMovieof2005
1147|#72BestMovieof2002
1148|#92BestMovieof2020
1149|#78BestMovieof2015
1150|#57BestMovieof2020
1151|#86MostDiscussedMovieof2009
1152|#42BestMovieof2015
1153|#43BestMovieof2013
1154|#29BestMovieof2004
1155|#87MostDiscussedMovieof2003
1156|#81MostSharedMovieof2003
1157|#29MostDiscussedMovieof2011
1158|#87MostSharedMovieof2011
1159|#84MostDiscussedMovieof2000
1160|#25MostSharedMovieof2000
1161|#70MostDiscussedMovieof2003
1162|#69MostDiscussedMovieof2006
1163|#83MostSharedMovieof2006
1164|#78MostDiscussedMovieof2009
1165|#9MostDiscussedMovieof2005
1166|#15MostSharedMovieof2005
1167|#64MostDiscussedMovieof2019
1168|#75MostSharedMovieof2019
1169|#20BestMovieof2009
1170|#84MostDiscussedMovieof2009
1171|#82BestMovieof2020
1172|#37MostDiscussedMovieof2018
1173|#44MostSharedMovieof2018
1174|#55MostDiscussedMovieof2011
1175|#56MostSharedMovieof2011
1176|#43BestMovieof2015
1177|#26MostDiscussedMovieof2015
1178|#18MostSharedMovieof2015
1179|#62MostDiscussedMovieof2018
1180|#100BestMovieof2016
1181|#60MostDiscussedMovieof2002
1182|#18BestMovieof2018
1183|#97BestMovieof2011
1184|#93MostDiscussedMovieof2016
1185|#32BestMovieof2003
1186|#37MostDiscussedMovieof2015
1187|#33MostSharedMovieof2015
1188|#23BestMovieof2020
1189|#89BestMovieof2020
1190|#81BestMovieof2010
1191|#82BestMovieof2006
1192|#89MostDiscussedMovieof2002
1193|#1BestMovieof2000
1194|#9MostDiscussedMovieof2000
1195|#14MostSharedMovieof2000
1196|#49BestMovieof2000
1197|#71BestMovieof2009
1198|#20MostDiscussedMovieof2021
1199|#92MostDiscussedMovieof2021
1200|#66BestMovieof2003
1201|#41BestMovieof2019
1202|#93BestMovieof2001
1203|#96MostSharedMovieof2001
1204|#97MostDiscussedMovieof2006
1205|#94MostSharedMovieof2006
1206|#47BestMovieof2018
1207|#29BestMovieof2013
1208|#8MostDiscussedMovieof2020
1209|#79BestMovieof2010
1210|#99BestMovieof2007
1211|#47BestMovieof2020
1212|#21MostDiscussedMovieof2020
1213|#100MostDiscussedMovieof2003
1214|#73BestMovieof2010
1215|#57MostDiscussedMovieof2015
1216|#24MostSharedMovieof2015
1217|#99MostDiscussedMovieof2017
1218|#82MostSharedMovieof2007
1219|#55BestMovieof2013
1220|#54MostDiscussedMovieof2013
1221|#75MostSharedMovieof2013
1222|#52MostDiscussedMovieof2007
1223|#23MostDiscussedMovieof2000
1224|#64MostSharedMovieof2000
1225|#93MostSharedMovieof2001
1226|#17MostDiscussedMovieof2003
1227|#50MostSharedMovieof2003
1228|#51BestMovieof2000
1229|#25MostDiscussedMovieof2019
1230|#16MostSharedMovieof2019
1231|#41MostDiscussedMovieof2012
1232|#74MostSharedMovieof2013
1233|#54MostDiscussedMovieof2017
1234|#74MostSharedMovieof2017
1235|#71MostDiscussedMovieof2003
1236|#83MostSharedMovieof2003
1237|#11BestMovieof2005
1238|#48MostDiscussedMovieof2006
1239|#9MostSharedMovieof2006
1240|#63MostDiscussedMovieof2010
1241|#83MostSharedMovieof2010
1242|#47BestMovieof2002
1243|#24BestMovieof2006
1244|#4BestMovieof2020
1245|#78BestMovieof2019
1246|#15MostDiscussedMovieof2004
1247|#34MostSharedMovieof2004
1248|#68BestMovieof2014
1249|#12MostDiscussedMovieof2014
1250|#17MostSharedMovieof2014
1251|#20BestMovieof2017
1252|#87MostDiscussedMovieof2010
1253|#19BestMovieof2021
1254|#28BestMovieof2006
1255|#32BestMovieof2016
1256|#91BestMovieof2013
1257|#68MostSharedMovieof2006
1258|#47MostSharedMovieof2007
1259|#16BestMovieof2018
1260|#99MostSharedMovieof2012
1261|#6MostDiscussedMovieof2016
1262|#12MostSharedMovieof2016
1263|#10MostDiscussedMovieof2018
1264|#13MostSharedMovieof2018
1265|#42BestMovieof2020
1266|#83MostDiscussedMovieof2021
1267|#31MostSharedMovieof2010
1268|#65BestMovieof2014
1269|#60MostSharedMovieof2014
1270|#25BestMovieof2008
1271|#26MostSharedMovieof2008
1272|#91MostDiscussedMovieof2007
1273|#35MostDiscussedMovieof2017
1274|#78MostSharedMovieof2017
1275|#32MostDiscussedMovieof2018
1276|#53MostSharedMovieof2018
1277|#73MostDiscussedMovieof2008
1278|#71MostSharedMovieof2007
1279|#71MostDiscussedMovieof2002
1280|#58MostDiscussedMovieof2018
1281|#51MostSharedMovieof2018
1282|#56BestMovieof2013
1283|#93BestMovieof2012
1284|#41BestMovieof2006
1285|#37BestMovieof2007
1286|#70MostDiscussedMovieof2016
1287|#3MostSharedMovieof2020
1288|#77MostDiscussedMovieof2008
1289|#91MostSharedMovieof2008
1290|#57MostSharedMovieof2008
1291|#49MostDiscussedMovieof2006
1292|#45MostSharedMovieof2006
1293|#11BestMovieof2006
1294|#16BestMovieof2015
1295|#9MostSharedMovieof2016
1296|#63BestMovieof2016
1297|#52MostDiscussedMovieof2021
1298|#49MostSharedMovieof2018
1299|#88MostDiscussedMovieof2005
1300|#67BestMovieof2021
1301|#68BestMovieof2002
1302|#64BestMovieof2020
1303|#94BestMovieof2010
1304|#20MostDiscussedMovieof2010
1305|#15MostSharedMovieof2010
1306|#41MostDiscussedMovieof2013
1307|#90MostSharedMovieof2013
1308|#59MostDiscussedMovieof2017
1309|#76MostSharedMovieof2017
1310|#74BestMovieof2011
1311|#88MostDiscussedMovieof2017
1312|#68MostSharedMovieof2017
1313|#89MostDiscussedMovieof2005
1314|#58MostDiscussedMovieof2010
1315|#32MostSharedMovieof2010
1316|#94BestMovieof2002
1317|#96BestMovieof2016
1318|#43BestMovieof2001
1319|#17BestMovieof2019
1320|#80MostSharedMovieof2019
1321|#33MostSharedMovieof2005
1322|#76MostDiscussedMovieof2010
1323|#83MostDiscussedMovieof2008
1324|#12BestMovieof2020
1325|#98BestMovieof2018
1326|#27MostDiscussedMovieof2002
1327|#55MostSharedMovieof2002
1328|#100BestMovieof2019
1329|#53BestMovieof2004
1330|#49MostDiscussedMovieof2000
1331|#38MostDiscussedMovieof2010
1332|#32BestMovieof2001
1333|#31MostDiscussedMovieof2000
1334|#10MostSharedMovieof2000
1335|#90MostSharedMovieof2015
1336|#87MostSharedMovieof2006
1337|#90MostDiscussedMovieof2004
1338|#59MostSharedMovieof2011
1339|#55MostDiscussedMovieof2016
1340|#65MostSharedMovieof2016
1341|#98MostDiscussedMovieof2005
1342|#94MostSharedMovieof2005
1343|#40BestMovieof2003
1344|#81BestMovieof2013
1345|#21MostDiscussedMovieof2008
1346|#73BestMovieof2020
1347|#99BestMovieof2009
1348|#52MostSharedMovieof2018
1349|#18BestMovieof2004
1350|#42BestMovieof2009
1351|#4MostDiscussedMovieof2009
1352|#14MostSharedMovieof2009
1353|#92MostSharedMovieof2006
1354|#57MostDiscussedMovieof2007
1355|#27MostSharedMovieof2007
1356|#33MostDiscussedMovieof2014
1357|#27MostSharedMovieof2014
1358|#60BestMovieof2003
1359|#20BestMovieof2020
1360|#31BestMovieof2012
1361|#8MostDiscussedMovieof2012
1362|#5MostSharedMovieof2012
1363|#52BestMovieof2001
1364|#72MostSharedMovieof2007
1365|#32MostDiscussedMovieof2019
1366|#10MostDiscussedMovieof2016
1367|#25MostSharedMovieof2016
1368|#54MostDiscussedMovieof2004
1369|#99MostSharedMovieof2004
1370|#95MostSharedMovieof2019
1371|#83BestMovieof2010
1372|#82MostSharedMovieof2010
1373|#51BestMovieof2002
1374|#55MostDiscussedMovieof2004
1375|#90MostSharedMovieof2004
1376|#96MostDiscussedMovieof2019
1377|#35MostDiscussedMovieof2020
1378|#65BestMovieof2017
1379|#96MostDiscussedMovieof2001
1380|#12BestMovieof2002
1381|#93MostDiscussedMovieof2005
1382|#74MostDiscussedMovieof2013
1383|#58MostSharedMovieof2013
1384|#89BestMovieof2019
1385|#92BestMovieof2001
1386|#11MostDiscussedMovieof2001
1387|#20MostSharedMovieof2001
1388|#28MostDiscussedMovieof2016
1389|#41MostSharedMovieof2016
1390|#96MostDiscussedMovieof2021
1391|#94BestMovieof2016
1392|#10MostDiscussedMovieof2021
1393|#82MostSharedMovieof2001
1394|#83BestMovieof2015
1395|#39BestMovieof2016
1396|#24MostDiscussedMovieof2005
1397|#46MostSharedMovieof2005
1398|#55MostDiscussedMovieof2008
1399|#78MostDiscussedMovieof2008
1400|#58BestMovieof2001
1401|#85MostDiscussedMovieof2001
1402|#65BestMovieof2005
1403|#22BestMovieof2005
1404|#54MostDiscussedMovieof2005
1405|#22MostSharedMovieof2005
1406|#94MostDiscussedMovieof2020
1407|#63MostDiscussedMovieof2017
1408|#73MostSharedMovieof2017
1409|#56MostDiscussedMovieof2012
1410|#50MostSharedMovieof2012
1411|#73MostSharedMovieof2000
1412|#53MostDiscussedMovieof2000
1413|#44MostSharedMovieof2000
1414|#17BestMovieof2003
1415|#43MostDiscussedMovieof2014
1416|#48MostSharedMovieof2014
1417|#25BestMovieof2009
1418|#19MostDiscussedMovieof2009
1419|#15MostSharedMovieof2009
1420|#97MostSharedMovieof2019
1421|#63MostDiscussedMovieof2007
1422|#38MostDiscussedMovieof2009
1423|#31MostSharedMovieof2009
1424|#48MostSharedMovieof2011
1425|#57MostDiscussedMovieof2003
1426|#74MostSharedMovieof2003
1427|#25BestMovieof2015
1428|#54BestMovieof2006
1429|#27MostDiscussedMovieof2006
1430|#40MostSharedMovieof2006
1431|#14MostDiscussedMovieof2012
1432|#56MostSharedMovieof2012
1433|#47BestMovieof2011
1434|#2MostDiscussedMovieof2011
1435|#14MostSharedMovieof2011
1436|#85MostSharedMovieof2011
1437|#5BestMovieof2021
1438|#41BestMovieof2020
1439|#88MostDiscussedMovieof2000
1440|#15BestMovieof2013
1441|#86MostSharedMovieof2002
1442|#69BestMovieof2006
1443|#32MostDiscussedMovieof2000
1444|#70MostSharedMovieof2000
1445|#64MostDiscussedMovieof2010
1446|#63MostSharedMovieof2010
1447|#18BestMovieof2005
1448|#48MostDiscussedMovieof2014
1449|#78MostSharedMovieof2014
1450|#75MostDiscussedMovieof2003
1451|#62MostDiscussedMovieof2019
1452|#13MostSharedMovieof2019
1453|#7MostDiscussedMovieof2021
1454|#93BestMovieof2008
1455|#56MostDiscussedMovieof2000
1456|#1BestMovieof2017
1457|#6MostDiscussedMovieof2017
1458|#3MostSharedMovieof2017
1459|#65MostDiscussedMovieof2009
1460|#57MostDiscussedMovieof2008
1461|#33MostSharedMovieof2008
1462|#81MostDiscussedMovieof2018
1463|#79MostSharedMovieof2018
1464|#93BestMovieof2009
1465|#87BestMovieof2010
1466|#56BestMovieof2000
1467|#28BestMovieof2007
1468|#45MostDiscussedMovieof2007
1469|#39MostSharedMovieof2007
1470|#89BestMovieof2010
1471|#40MostDiscussedMovieof2010
1472|#77MostSharedMovieof2010
1473|#71BestMovieof2012
1474|#81MostSharedMovieof2010
1475|#88MostSharedMovieof2005
1476|#50BestMovieof2015
1477|#86MostSharedMovieof2008
1478|#81MostDiscussedMovieof2010
1479|#9MostDiscussedMovieof2014
1480|#2MostSharedMovieof2014
1481|#56MostDiscussedMovieof2002
1482|#98MostDiscussedMovieof2002
1483|#15BestMovieof2018
1484|#59MostDiscussedMovieof2018
1485|#41MostSharedMovieof2018
1486|#30MostDiscussedMovieof2019
1487|#54BestMovieof2014
1488|#91MostDiscussedMovieof2005
1489|#71MostSharedMovieof2005
1490|#6BestMovieof2012
1491|#43BestMovieof2014
1492|#97BestMovieof2003
1493|#33MostDiscussedMovieof2003
1494|#97MostSharedMovieof2003
1495|#57MostDiscussedMovieof2020
1496|#24MostDiscussedMovieof2003
1497|#20MostSharedMovieof2003
1498|#100MostDiscussedMovieof2008
1499|#71MostSharedMovieof2008
1500|#43MostDiscussedMovieof2005
1501|#79MostSharedMovieof2004
1502|#11BestMovieof2016
1503|#98MostSharedMovieof2016
1504|#96BestMovieof2002
1505|#97MostSharedMovieof2002
1506|#15MostDiscussedMovieof2013
1507|#12MostSharedMovieof2013
1508|#44BestMovieof2016
1509|#65MostDiscussedMovieof2020
1510|#28BestMovieof2018
1511|#29MostDiscussedMovieof2021
1512|#63BestMovieof2007
1513|#58MostDiscussedMovieof2007
1514|#31MostSharedMovieof2007
1515|#33BestMovieof2008
1516|#74BestMovieof2004
1517|#71BestMovieof2019
1518|#51MostDiscussedMovieof2012
1519|#65MostSharedMovieof2012
1520|#24MostDiscussedMovieof2013
1521|#63MostSharedMovieof2013
1522|#28MostSharedMovieof2014
1523|#98BestMovieof2017
1524|#98MostDiscussedMovieof2004
1525|#65MostDiscussedMovieof2014
1526|#65MostSharedMovieof2014
1527|#45MostDiscussedMovieof2001
1528|#26MostSharedMovieof2001
1529|#16MostDiscussedMovieof2020
1530|#86MostDiscussedMovieof2002
1531|#18MostSharedMovieof2002
1532|#61BestMovieof2013
1533|#17BestMovieof2005
1534|#64MostSharedMovieof2010
1535|#73MostSharedMovieof2015
1536|#90MostDiscussedMovieof2015
1537|#97MostDiscussedMovieof2013
1538|#22MostDiscussedMovieof2007
1539|#7MostDiscussedMovieof2002
1540|#17MostSharedMovieof2002
1541|#20MostDiscussedMovieof2006
1542|#38MostSharedMovieof2006
1543|#66BestMovieof2000
1544|#45MostDiscussedMovieof2000
1545|#62MostSharedMovieof2000
1546|#99MostDiscussedMovieof2001
1547|#25BestMovieof2014
1548|#64MostSharedMovieof2013
1549|#71MostDiscussedMovieof2019
1550|#84MostSharedMovieof2019
1551|#6BestMovieof2004
1552|#2MostDiscussedMovieof2004
1553|#6MostSharedMovieof2004
1554|#3MostDiscussedMovieof2021
1555|#38BestMovieof2001
1556|#84MostDiscussedMovieof2004
1557|#63MostSharedMovieof2004
1558|#14MostDiscussedMovieof2020
1559|#74MostDiscussedMovieof2007
1560|#43BestMovieof2021
1561|#76MostDiscussedMovieof2021
1562|#48MostDiscussedMovieof2015
1563|#30MostSharedMovieof2015
1564|#44BestMovieof2009
1565|#66MostSharedMovieof2018
1566|#63BestMovieof2009
1567|#24MostSharedMovieof2019
1568|#31BestMovieof2016
1569|#84MostSharedMovieof2016
1570|#96BestMovieof2010
1571|#25MostDiscussedMovieof2013
1572|#34MostSharedMovieof2013
1573|#84MostDiscussedMovieof2001
1574|#86MostSharedMovieof2001
1575|#90BestMovieof2016
1576|#6BestMovieof2017
1577|#88BestMovieof2015
1578|#16MostDiscussedMovieof2015
1579|#63MostSharedMovieof2015
1580|#86BestMovieof2007
1581|#14BestMovieof2010
1582|#98MostSharedMovieof2010
1583|#41MostDiscussedMovieof2014
1584|#47MostSharedMovieof2014
1585|#77BestMovieof2014
1586|#26MostDiscussedMovieof2008
1587|#49BestMovieof2015
1588|#95MostDiscussedMovieof2009
1589|#87MostSharedMovieof2009
1590|#17MostDiscussedMovieof2020
1591|#72MostDiscussedMovieof2011
1592|#68MostSharedMovieof2019
1593|#80MostDiscussedMovieof2016
1594|#72MostSharedMovieof2016
1595|#30MostDiscussedMovieof2021
1596|#1MostSharedMovieof2021
1597|#26BestMovieof2001
1598|#2BestMovieof2017
1599|#43BestMovieof2002
1600|#70MostDiscussedMovieof2004
1601|#63MostDiscussedMovieof2000
1602|#16MostDiscussedMovieof2016
1603|#37MostSharedMovieof2016
1604|#20MostDiscussedMovieof2018
1605|#30MostDiscussedMovieof2005
1606|#29MostSharedMovieof2005
1607|#13MostDiscussedMovieof2015
1608|#59MostSharedMovieof2015
1609|#43MostDiscussedMovieof2007
1610|#67MostSharedMovieof2007
1611|#22BestMovieof2009
1612|#27MostDiscussedMovieof2009
1613|#26MostSharedMovieof2009
1614|#14BestMovieof2002
1615|#80MostDiscussedMovieof2002
1616|#88MostSharedMovieof2002
1617|#76BestMovieof2010
1618|#93MostSharedMovieof2019
1619|#33MostDiscussedMovieof2011
1620|#21MostSharedMovieof2011
1621|#62MostDiscussedMovieof2009
1622|#21MostSharedMovieof2009
1623|#34MostDiscussedMovieof2013
1624|#38MostSharedMovieof2013
1625|#38MostDiscussedMovieof2019
1626|#38MostSharedMovieof2019
1627|#88MostDiscussedMovieof2010
1628|#22MostSharedMovieof2010
1629|#69MostSharedMovieof2004
1630|#50BestMovieof2001
1631|#36MostSharedMovieof2001
1632|#10BestMovieof2006
1633|#55BestMovieof2010
1634|#79MostDiscussedMovieof2020
1635|#48MostDiscussedMovieof2021
1636|#41BestMovieof2021
1637|#58BestMovieof2004
1638|#41MostDiscussedMovieof2021
1639|#47MostDiscussedMovieof2002
1640|#58MostSharedMovieof2002
1641|#78MostSharedMovieof2006
1642|#70BestMovieof2020
1643|#70BestMovieof2016
1644|#95MostDiscussedMovieof2016
1645|#14BestMovieof2004
1646|#70BestMovieof2019
1647|#85BestMovieof2014
1648|#72MostDiscussedMovieof2017
1649|#46MostSharedMovieof2017
1650|#100MostDiscussedMovieof2018
1651|#24MostSharedMovieof2018
1652|#10MostSharedMovieof2016
1653|#15MostDiscussedMovieof2015
1654|#16MostSharedMovieof2015
1655|#21BestMovieof2001
1656|#28MostSharedMovieof2009
1657|#83MostSharedMovieof2019
1658|#59BestMovieof2013
1659|#8MostDiscussedMovieof2000
1660|#19MostSharedMovieof2000
1661|#26MostDiscussedMovieof2003
1662|#76MostSharedMovieof2003
1663|#46MostDiscussedMovieof2006
1664|#73MostDiscussedMovieof2011
1665|#39MostDiscussedMovieof2001
1666|#85MostSharedMovieof2001
1667|#72BestMovieof2015
1668|#86BestMovieof2016
1669|#21MostDiscussedMovieof2016
1670|#31MostSharedMovieof2016
1671|#81MostDiscussedMovieof2000
1672|#69MostSharedMovieof2000
1673|#3BestMovieof2003
1674|#4MostDiscussedMovieof2003
1675|#4MostSharedMovieof2003
1676|#74MostDiscussedMovieof2004
1677|#16BestMovieof2016
1678|#77BestMovieof2019
1679|#27BestMovieof2016
1680|#10BestMovieof2020
1681|#97MostDiscussedMovieof2020
1682|#46BestMovieof2018
1683|#23MostDiscussedMovieof2018
1684|#39MostSharedMovieof2018
1685|#68MostSharedMovieof2013
1686|#37BestMovieof2018
1687|#70MostDiscussedMovieof2018
1688|#85MostSharedMovieof2018
1689|#31BestMovieof2010
1690|#30MostSharedMovieof2019
1691|#38BestMovieof2006
1692|#68MostDiscussedMovieof2006
1693|#77BestMovieof2009
1694|#39BestMovieof2014
1695|#99MostSharedMovieof2008
1696|#6BestMovieof2021
1697|#68BestMovieof2012
1698|#37MostDiscussedMovieof2012
1699|#52MostSharedMovieof2012
1700|#6BestMovieof2008
1701|#52MostDiscussedMovieof2005
1702|#44MostSharedMovieof2010
1703|#68BestMovieof2006
1704|#94MostDiscussedMovieof2006
1705|#60MostDiscussedMovieof2015
1706|#43BestMovieof2009
1707|#22BestMovieof2012
1708|#10BestMovieof2019
1709|#87BestMovieof2007
1710|#69BestMovieof2014
1711|#12BestMovieof2009
1712|#19BestMovieof2014
1713|#98MostSharedMovieof2014
1714|#63BestMovieof2019
1715|#33MostDiscussedMovieof2019
1716|#71MostSharedMovieof2018
1717|#43MostDiscussedMovieof2008
1718|#82MostSharedMovieof2008
1719|#70MostSharedMovieof2011
1720|#77BestMovieof2005
1721|#78MostDiscussedMovieof2005
1722|#35MostSharedMovieof2005
1723|#72BestMovieof2020
1724|#46BestMovieof2014
1725|#51MostDiscussedMovieof2014
1726|#74MostSharedMovieof2014
1727|#14BestMovieof2017
1728|#66MostDiscussedMovieof2007
1729|#13MostSharedMovieof2007
1730|#49MostDiscussedMovieof2002
1731|#31MostSharedMovieof2002
1732|#33BestMovieof2013
1733|#94MostDiscussedMovieof2014
1734|#80BestMovieof2012
1735|#97MostDiscussedMovieof2012
1736|#68MostDiscussedMovieof2020
1737|#96BestMovieof2003
1738|#52MostDiscussedMovieof2003
1739|#18MostDiscussedMovieof2001
1740|#71MostSharedMovieof2001
1741|#23MostDiscussedMovieof2003
1742|#29MostSharedMovieof2003
1743|#22MostDiscussedMovieof2021
1744|#52BestMovieof2018
1745|#100MostDiscussedMovieof2016
1746|#97MostSharedMovieof2016
1747|#23MostSharedMovieof2007
1748|#16MostDiscussedMovieof2000
1749|#30MostSharedMovieof2000
1750|#80MostSharedMovieof2002
1751|#61MostSharedMovieof2002
1752|#99MostDiscussedMovieof2004
1753|#94MostSharedMovieof2004
1754|#30MostDiscussedMovieof2009
1755|#64MostDiscussedMovieof2011
1756|#15MostSharedMovieof2011
1757|#69MostDiscussedMovieof2011
1758|#61MostDiscussedMovieof2001
1759|#100MostSharedMovieof2001
1760|#86MostDiscussedMovieof2003
1761|#94MostDiscussedMovieof2010
1762|#95BestMovieof2008
1763|#38BestMovieof2008
1764|#75MostDiscussedMovieof2008
1765|#8MostDiscussedMovieof2013
1766|#1MostSharedMovieof2013
1767|#31MostDiscussedMovieof2019
1768|#37MostSharedMovieof2019
1769|#29BestMovieof2008
1770|#19BestMovieof2013
1771|#93MostDiscussedMovieof2013
1772|#87MostSharedMovieof2013
1773|#5MostSharedMovieof2006
1774|#74BestMovieof2008
1775|#60MostDiscussedMovieof2005
1776|#86BestMovieof2019
1777|#56MostSharedMovieof2008
1778|#48BestMovieof2005
1779|#35MostDiscussedMovieof2009
1780|#21MostDiscussedMovieof2015
1781|#70MostSharedMovieof2015
1782|#24MostDiscussedMovieof2014
1783|#25MostSharedMovieof2014
1784|#32MostSharedMovieof2005
1785|#88MostSharedMovieof2009
1786|#37BestMovieof2006
1787|#3MostDiscussedMovieof2017
1788|#31MostSharedMovieof2017
1789|#42MostDiscussedMovieof2018
1790|#35MostSharedMovieof2018
1791|#77MostSharedMovieof2018
1792|#61MostDiscussedMovieof2009
1793|#13MostSharedMovieof2009
1794|#84BestMovieof2002
1795|#17MostDiscussedMovieof2002
1796|#36MostSharedMovieof2002
1797|#13BestMovieof2015
1798|#57MostDiscussedMovieof2013
1799|#90MostSharedMovieof2003
1800|#45MostDiscussedMovieof2004
1801|#87MostSharedMovieof2004
1802|#57MostDiscussedMovieof2004
1803|#89MostSharedMovieof2004
1804|#6BestMovieof2018
1805|#16MostSharedMovieof2005
1806|#53MostDiscussedMovieof2019
1807|#16BestMovieof2019
1808|#80BestMovieof2005
1809|#86BestMovieof2010
1810|#16BestMovieof2000
1811|#58MostDiscussedMovieof2017
1812|#75MostSharedMovieof2017
1813|#79MostDiscussedMovieof2017
1814|#62BestMovieof2012
1815|#87MostDiscussedMovieof2015
1816|#62MostDiscussedMovieof2010
1817|#52BestMovieof2010
1818|#90MostSharedMovieof2014
1819|#33BestMovieof2017
1820|#15MostDiscussedMovieof2017
1821|#7MostSharedMovieof2017
1822|#64MostDiscussedMovieof2005
1823|#42MostDiscussedMovieof2008
1824|#10BestMovieof2015
1825|#80MostDiscussedMovieof2000
1826|#56MostSharedMovieof2000
1827|#94MostDiscussedMovieof2004
1828|#96MostSharedMovieof2004
1829|#17MostDiscussedMovieof2017
1830|#29MostSharedMovieof2017
1831|#37MostDiscussedMovieof2007
1832|#8MostSharedMovieof2007
1833|#38MostDiscussedMovieof2012
1834|#28MostSharedMovieof2012
1835|#44MostDiscussedMovieof2002
1836|#42MostSharedMovieof2002
1837|#93MostSharedMovieof2018
1838|#78BestMovieof2008
1839|#97MostDiscussedMovieof2008
1840|#6BestMovieof2001
1841|#48MostDiscussedMovieof2001
1842|#61MostSharedMovieof2001
1843|#5MostDiscussedMovieof2016
1844|#18MostSharedMovieof2016
1845|#14MostDiscussedMovieof2021
1846|#57MostDiscussedMovieof2001
1847|#51BestMovieof2010
1848|#45MostDiscussedMovieof2010
1849|#75MostSharedMovieof2010
1850|#64MostDiscussedMovieof2013
1851|#24MostDiscussedMovieof2009
1852|#94MostSharedMovieof2009
1853|#13BestMovieof2013
1854|#96MostSharedMovieof2017
1855|#73MostDiscussedMovieof2003
1856|#30MostSharedMovieof2003
1857|#24BestMovieof2005
1858|#19BestMovieof2000
1859|#42BestMovieof2013
1860|#95BestMovieof2001
1861|#69MostDiscussedMovieof2001
1862|#78MostSharedMovieof2001
1863|#96BestMovieof2008
1864|#48BestMovieof2000
1865|#73BestMovieof2003
1866|#85MostSharedMovieof2003
1867|#91BestMovieof2000
1868|#28BestMovieof2015
1869|#62MostSharedMovieof2017
1870|#51BestMovieof2019
1871|#1MostDiscussedMovieof2000
1872|#3MostSharedMovieof2000
1873|#26MostDiscussedMovieof2019
1874|#18MostSharedMovieof2019
1875|#59BestMovieof2016
1876|#60BestMovieof2014
1877|#54MostDiscussedMovieof2001
1878|#68MostSharedMovieof2001
1879|#34BestMovieof2014
1880|#87BestMovieof2019
1881|#50MostSharedMovieof2019
1882|#48BestMovieof2017
1883|#58MostSharedMovieof2006
1884|#97BestMovieof2007
1885|#70BestMovieof2013
1886|#37MostDiscussedMovieof2016
1887|#58MostSharedMovieof2016
1888|#36BestMovieof2017
1889|#3MostDiscussedMovieof2014
1890|#23MostSharedMovieof2014
1891|#10MostDiscussedMovieof2019
1892|#14MostSharedMovieof2019
1893|#11MostDiscussedMovieof2021
1894|#69BestMovieof2015
1895|#70BestMovieof2007
1896|#99BestMovieof2018
1897|#8BestMovieof2009
1898|#43MostSharedMovieof2009
1899|#33MostSharedMovieof2012
1900|#95BestMovieof2007
1901|#50MostDiscussedMovieof2007
1902|#15MostSharedMovieof2007
1903|#63BestMovieof2014
1904|#13MostDiscussedMovieof2014
1905|#19MostSharedMovieof2014
1906|#51MostDiscussedMovieof2000
1907|#60MostSharedMovieof2000
1908|#68BestMovieof2008
1909|#74MostSharedMovieof2008
1910|#67MostDiscussedMovieof2019
1911|#40MostSharedMovieof2019
1912|#23BestMovieof2004
1913|#94BestMovieof2009
1914|#86MostDiscussedMovieof2007
1915|#98MostSharedMovieof2007
1916|#41BestMovieof2005
1917|#42MostDiscussedMovieof2005
1918|#75BestMovieof2017
1919|#74MostDiscussedMovieof2017
1920|#71MostSharedMovieof2017
1921|#42BestMovieof2012
1922|#5BestMovieof2009
1923|#59BestMovieof2015
1924|#99MostSharedMovieof2015
1925|#78MostDiscussedMovieof2015
1926|#11MostSharedMovieof2015
1927|#5BestMovieof2001
1928|#37MostDiscussedMovieof2001
1929|#58MostSharedMovieof2001
1930|#90MostDiscussedMovieof2003
1931|#98MostSharedMovieof2003
1932|#100BestMovieof2013
1933|#45BestMovieof2017
1934|#69BestMovieof2008
1935|#10MostDiscussedMovieof2008
1936|#21MostSharedMovieof2008
1937|#81MostDiscussedMovieof2006
1938|#2BestMovieof2013
1939|#2MostDiscussedMovieof2013
1940|#4MostSharedMovieof2013
1941|#66BestMovieof2001
1942|#29MostDiscussedMovieof2018
1943|#10MostDiscussedMovieof2011
1944|#26MostSharedMovieof2011
1945|#68BestMovieof2016
1946|#75MostDiscussedMovieof2016
1947|#85MostSharedMovieof2016
1948|#77MostDiscussedMovieof2005
1949|#39MostDiscussedMovieof2010
1950|#91MostSharedMovieof2010
1951|#60BestMovieof2010
1952|#77MostDiscussedMovieof2010
1953|#99MostSharedMovieof2010
1954|#66MostDiscussedMovieof2020
1955|#8BestMovieof2012
1956|#82MostDiscussedMovieof2019
1957|#48MostDiscussedMovieof2020
1958|#45MostDiscussedMovieof2020
1959|#26BestMovieof2002
1960|#53BestMovieof2007
1961|#20MostDiscussedMovieof2007
1962|#60MostSharedMovieof2007
1963|#14BestMovieof2003
1964|#7BestMovieof2005
1965|#53MostDiscussedMovieof2005
1966|#27MostDiscussedMovieof2010
1967|#49MostDiscussedMovieof2013
1968|#76MostSharedMovieof2013
1969|#86BestMovieof2014
1970|#2MostDiscussedMovieof2014
1971|#7MostSharedMovieof2014
1972|#11MostDiscussedMovieof2017
1973|#9MostSharedMovieof2017
1974|#70BestMovieof2004
1975|#97MostDiscussedMovieof2010
1976|#11BestMovieof2020
1977|#80MostDiscussedMovieof2021
1978|#55MostDiscussedMovieof2020
1979|#18BestMovieof2010
1980|#27MostDiscussedMovieof2016
1981|#42MostSharedMovieof2016
1982|#21BestMovieof2010
1983|#30MostDiscussedMovieof2016
1984|#43MostSharedMovieof2016
1985|#79MostSharedMovieof2019
1986|#33BestMovieof2007
1987|#44MostDiscussedMovieof2007
1988|#38BestMovieof2018
1989|#96BestMovieof2007
1990|#16BestMovieof2006
1991|#51MostDiscussedMovieof2006
1992|#65MostSharedMovieof2006
1993|#87MostDiscussedMovieof2011
1994|#24MostDiscussedMovieof2007
1995|#65MostSharedMovieof2007
1996|#19MostDiscussedMovieof2018
1997|#27MostSharedMovieof2018
1998|#53MostDiscussedMovieof2009
1999|#25MostDiscussedMovieof2021
2000|#21MostDiscussedMovieof2002
2001|#63BestMovieof2020
2002|#7BestMovieof2020
2003|#25MostDiscussedMovieof2020
2004|#88BestMovieof2000
2005|#15MostDiscussedMovieof2008
2006|#40MostSharedMovieof2008
2007|#43MostDiscussedMovieof2011
2008|#71MostSharedMovieof2011
2009|#94MostDiscussedMovieof2009
2010|#96MostSharedMovieof2009
2011|#30MostDiscussedMovieof2001
2012|#99MostSharedMovieof2001
2013|#62MostSharedMovieof2007
2014|#59MostDiscussedMovieof2013
2015|#71MostDiscussedMovieof2020
2016|#31BestMovieof2018
2017|#51MostDiscussedMovieof2017
2018|#84MostSharedMovieof2017
2019|#77MostDiscussedMovieof2019
2020|#100MostSharedMovieof2019
2021|#45BestMovieof2006
2022|#30MostDiscussedMovieof2006
2023|#16BestMovieof2008
2024|#59MostDiscussedMovieof2008
2025|#99BestMovieof2014
2026|#67BestMovieof2012
2027|#71MostDiscussedMovieof2001
2028|#61MostDiscussedMovieof2006
2029|#33MostSharedMovieof2006
2030|#11BestMovieof2015
2031|#32MostDiscussedMovieof2016
2032|#8MostSharedMovieof2016
2033|#84BestMovieof2010
2034|#44BestMovieof2017
2035|#74MostDiscussedMovieof2008
2036|#62MostDiscussedMovieof2004
2037|#69MostDiscussedMovieof2019
2038|#95BestMovieof2013
2039|#60BestMovieof2001
2040|#6MostDiscussedMovieof2002
2041|#20MostSharedMovieof2002
2042|#15BestMovieof2011
2043|#1MostDiscussedMovieof2011
2044|#18MostSharedMovieof2011
2045|#6MostDiscussedMovieof2010
2046|#50MostSharedMovieof2010
2047|#27BestMovieof2005
2048|#5MostDiscussedMovieof2005
2049|#44MostSharedMovieof2005
2050|#52BestMovieof2009
2051|#7MostDiscussedMovieof2009
2052|#64MostSharedMovieof2009
2053|#11MostDiscussedMovieof2007
2054|#50MostSharedMovieof2007
2055|#24BestMovieof2004
2056|#3MostDiscussedMovieof2004
2057|#26MostSharedMovieof2004
2058|#2MostDiscussedMovieof2001
2059|#3MostSharedMovieof2001
2060|#61MostSharedMovieof2006
2061|#39BestMovieof2008
2062|#42MostSharedMovieof2009
2063|#52MostDiscussedMovieof2012
2064|#47BestMovieof2005
2065|#85BestMovieof2006
2066|#57BestMovieof2017
2067|#30BestMovieof2015
2068|#75MostDiscussedMovieof2001
2069|#88MostSharedMovieof2001
2070|#64MostDiscussedMovieof2001
2071|#94MostSharedMovieof2002
2072|#13BestMovieof2001
2073|#36BestMovieof2011
2074|#10MostSharedMovieof2013
2075|#13BestMovieof2016
2076|#36MostDiscussedMovieof2016
2077|#33MostSharedMovieof2016
2078|#95BestMovieof2004
2079|#30MostDiscussedMovieof2004
2080|#24MostSharedMovieof2004
2081|#34MostDiscussedMovieof2019
2082|#3MostSharedMovieof2019
2083|#48BestMovieof2008
2084|#32MostDiscussedMovieof2008
2085|#68MostSharedMovieof2008
2086|#46BestMovieof2005
2087|#7BestMovieof2013
2088|#14MostDiscussedMovieof2013
2089|#3MostSharedMovieof2013
2090|#79BestMovieof2009
2091|#59MostDiscussedMovieof2014
2092|#70MostSharedMovieof2014
2093|#57MostDiscussedMovieof2010
2094|#30BestMovieof2018
2095|#12MostDiscussedMovieof2018
2096|#10MostSharedMovieof2018
2097|#87BestMovieof2017
2098|#16BestMovieof2004
2099|#29MostDiscussedMovieof2004
2100|#44MostSharedMovieof2004
2101|#62MostSharedMovieof2009
2102|#99MostDiscussedMovieof2002
2103|#91MostSharedMovieof2004
2104|#53MostDiscussedMovieof2016
2105|#51MostSharedMovieof2016
2106|#49MostSharedMovieof2005
2107|#24BestMovieof2000
2108|#67MostDiscussedMovieof2000
2109|#98BestMovieof2019
2110|#97MostDiscussedMovieof2019
2111|#33MostSharedMovieof2019
2112|#93MostDiscussedMovieof2008
2113|#78MostSharedMovieof2008
2114|#85BestMovieof2011
2115|#91MostDiscussedMovieof2000
2116|#98MostSharedMovieof2000
2117|#49MostDiscussedMovieof2016
2118|#20MostDiscussedMovieof2020
2119|#73BestMovieof2001
2120|#95MostDiscussedMovieof2020
2121|#69MostSharedMovieof2012
2122|#98MostSharedMovieof2005
2123|#80BestMovieof2015
2124|#100BestMovieof2018
2125|#54MostDiscussedMovieof2007
2126|#24MostSharedMovieof2007
2127|#58MostDiscussedMovieof2015
2128|#93MostSharedMovieof2015
2129|#87BestMovieof2003
2130|#40MostDiscussedMovieof2003
2131|#32MostSharedMovieof2003
2132|#95BestMovieof2019
2133|#33MostDiscussedMovieof2000
2134|#35MostSharedMovieof2000
2135|#89MostDiscussedMovieof2018
2136|#15BestMovieof2012
2137|#56MostDiscussedMovieof2015
2138|#50MostSharedMovieof2015
2139|#51BestMovieof2004
2140|#58MostDiscussedMovieof2004
2141|#94MostDiscussedMovieof2021
2142|#97MostDiscussedMovieof2003
2143|#87MostSharedMovieof2003
2144|#28BestMovieof2019
2145|#32MostSharedMovieof2014
2146|#48MostDiscussedMovieof2005
2147|#79BestMovieof2016
2148|#23BestMovieof2021
2149|#31MostSharedMovieof2014
2150|#39MostDiscussedMovieof2011
2151|#92MostSharedMovieof2011
2152|#87MostDiscussedMovieof2014
2153|#29BestMovieof2015
2154|#94BestMovieof2014
2155|#85BestMovieof2008
2156|#67MostDiscussedMovieof2008
2157|#29MostDiscussedMovieof2006
2158|#23MostSharedMovieof2006
2159|#82MostDiscussedMovieof2007
2160|#59MostSharedMovieof2007
2161|#69MostDiscussedMovieof2017
2162|#88MostSharedMovieof2017
2163|#32BestMovieof2007
2164|#17MostDiscussedMovieof2007
2165|#26MostSharedMovieof2007
2166|#72MostDiscussedMovieof2007
2167|#66MostSharedMovieof2007
2168|#47MostDiscussedMovieof2010
2169|#88BestMovieof2019
2170|#15MostSharedMovieof2019
2171|#36BestMovieof2004
2172|#34MostDiscussedMovieof2004
2173|#81MostSharedMovieof2004
2174|#60MostDiscussedMovieof2012
2175|#32MostSharedMovieof2012
2176|#72MostDiscussedMovieof2015
2177|#13MostSharedMovieof2015
2178|#73MostDiscussedMovieof2018
2179|#54MostSharedMovieof2018
2180|#30MostSharedMovieof2013
2181|#95MostDiscussedMovieof2012
2182|#48MostDiscussedMovieof2003
2183|#53MostSharedMovieof2003
2184|#5BestMovieof2004
2185|#50MostDiscussedMovieof2004
2186|#71MostSharedMovieof2004
2187|#8MostDiscussedMovieof2021
2188|#44BestMovieof2020
2189|#69BestMovieof2011
2190|#86BestMovieof2003
2191|#96MostDiscussedMovieof2003
2192|#61MostSharedMovieof2003
2193|#34MostDiscussedMovieof2003
2194|#45MostSharedMovieof2003
2195|#76MostDiscussedMovieof2005
2196|#69MostSharedMovieof2005
2197|#90BestMovieof2014
2198|#68MostSharedMovieof2010
2199|#62MostSharedMovieof2001
2200|#38BestMovieof2002
2201|#10MostDiscussedMovieof2000
2202|#9MostSharedMovieof2000
2203|#40BestMovieof2002
2204|#10BestMovieof2012
2205|#67BestMovieof2010
2206|#16MostDiscussedMovieof2010
2207|#10MostSharedMovieof2010
2208|#84BestMovieof2014
2209|#34MostDiscussedMovieof2014
2210|#100MostSharedMovieof2014
2211|#40MostDiscussedMovieof2019
2212|#25MostSharedMovieof2019
2213|#40BestMovieof2005
2214|#29MostDiscussedMovieof2005
2215|#67MostSharedMovieof2005
2216|#56MostDiscussedMovieof2020
2217|#26BestMovieof2011
2218|#15MostDiscussedMovieof2011
2219|#24MostSharedMovieof2011
2220|#42BestMovieof2003
2221|#12MostDiscussedMovieof2003
2222|#9MostSharedMovieof2003
2223|#95BestMovieof2020
2224|#32BestMovieof2000
2225|#35BestMovieof2000
2226|#75BestMovieof2009
2227|#24BestMovieof2008
2228|#55BestMovieof2016
2229|#88MostDiscussedMovieof2016
2230|#65MostSharedMovieof2005
2231|#92BestMovieof2019
2232|#48MostDiscussedMovieof2019
2233|#19MostSharedMovieof2011
2234|#12MostSharedMovieof2006
2235|#31BestMovieof2017
2236|#10MostDiscussedMovieof2007
2237|#12MostSharedMovieof2007
2238|#43BestMovieof2010
2239|#78MostSharedMovieof2010
2240|#84MostDiscussedMovieof2019
2241|#76MostSharedMovieof2019
2242|#80BestMovieof2018
2243|#3BestMovieof2016
2244|#94MostSharedMovieof2016
2245|#54MostDiscussedMovieof2011
2246|#30MostSharedMovieof2011
2247|#60MostDiscussedMovieof2001
2248|#57MostSharedMovieof2001
2249|#7BestMovieof2017
2250|#48MostSharedMovieof2018
2251|#17MostDiscussedMovieof2021
2252|#78BestMovieof2016
2253|#53BestMovieof2019
2254|#68MostSharedMovieof2018
2255|#71MostDiscussedMovieof2014
2256|#75MostDiscussedMovieof2004
2257|#46MostSharedMovieof2018
2258|#48BestMovieof2010
2259|#41MostSharedMovieof2007
2260|#59BestMovieof2019
2261|#69MostDiscussedMovieof2009
2262|#55MostSharedMovieof2009
2263|#98MostDiscussedMovieof2010
2264|#73MostSharedMovieof2010
2265|#95MostDiscussedMovieof2007
2266|#25MostDiscussedMovieof2004
2267|#10MostSharedMovieof2004
2268|#77BestMovieof2008
2269|#76MostSharedMovieof2010
2270|#78MostSharedMovieof2002
2271|#89MostSharedMovieof2007
2272|#53MostDiscussedMovieof2017
2273|#8BestMovieof2011
2274|#52BestMovieof2021
2275|#41BestMovieof2012
2276|#36BestMovieof2020
2277|#9MostDiscussedMovieof2002
2278|#19MostSharedMovieof2002
2279|#92MostDiscussedMovieof2016
2280|#57MostDiscussedMovieof2012
2281|#48MostDiscussedMovieof2009
2282|#49MostSharedMovieof2009
2283|#42MostDiscussedMovieof2006
2284|#91MostDiscussedMovieof2003
2285|#4BestMovieof2014
2286|#38BestMovieof2021
2287|#25MostDiscussedMovieof2003
2288|#33MostSharedMovieof2003
2289|#80MostDiscussedMovieof2013
2290|#44MostDiscussedMovieof2006
2291|#17MostSharedMovieof2006
2292|#29BestMovieof2018
2293|#80MostSharedMovieof2014
2294|#83BestMovieof2002
2295|#92MostDiscussedMovieof2002
2296|#38BestMovieof2009
2297|#50BestMovieof2013
2298|#27BestMovieof2014
2299|#91BestMovieof2011
2300|#8BestMovieof2002
2301|#88BestMovieof2004
2302|#82BestMovieof2007
2303|#70MostDiscussedMovieof2007
2304|#17BestMovieof2000
2305|#86BestMovieof2020
2306|#23MostDiscussedMovieof2020
2307|#40BestMovieof2010
2308|#50MostDiscussedMovieof2011
2309|#90MostSharedMovieof2011
2310|#57BestMovieof2013
2311|#46BestMovieof2003
2312|#93BestMovieof2018
2313|#62BestMovieof2007
2314|#35MostDiscussedMovieof2008
2315|#35MostSharedMovieof2008
2316|#83BestMovieof2012
2317|#55BestMovieof2019
2318|#85MostDiscussedMovieof2004
2319|#58BestMovieof2015
2320|#89BestMovieof2001
2321|#32BestMovieof2019
2322|#8BestMovieof2001
2323|#77MostSharedMovieof2001
2324|#26BestMovieof2012
2325|#62BestMovieof2013
2326|#77MostDiscussedMovieof2015
2327|#43MostSharedMovieof2015
2328|#42BestMovieof2021
2329|#55MostDiscussedMovieof2021
2330|#76MostSharedMovieof2007
2331|#23BestMovieof2009
2332|#89MostSharedMovieof2009
2333|#35BestMovieof2003
2334|#80MostSharedMovieof2005
2335|#12BestMovieof2001
2336|#51MostDiscussedMovieof2001
2337|#72MostSharedMovieof2001
2338|#64MostDiscussedMovieof2008
2339|#78BestMovieof2004
2340|#36BestMovieof2021
2341|#18BestMovieof2007
2342|#49MostSharedMovieof2007
2343|#58BestMovieof2003
2344|#53MostDiscussedMovieof2011
2345|#25MostSharedMovieof2011
2346|#11BestMovieof2017
2347|#40BestMovieof2011
2348|#75BestMovieof2010
2349|#1MostDiscussedMovieof2010
2350|#2MostSharedMovieof2010
2351|#97BestMovieof2020
2352|#71BestMovieof2018
2353|#14MostDiscussedMovieof2018
2354|#9MostSharedMovieof2018
2355|#20MostDiscussedMovieof2016
2356|#28MostSharedMovieof2016
2357|#3MostDiscussedMovieof2008
2358|#51MostSharedMovieof2008
2359|#92BestMovieof2012
2360|#73BestMovieof2016
2361|#81BestMovieof2017
2362|#62BestMovieof2004
2363|#88MostDiscussedMovieof2004
2364|#95MostSharedMovieof2004
2365|#96MostSharedMovieof2016
2366|#93MostDiscussedMovieof2021
2367|#6MostDiscussedMovieof2009
2368|#7MostSharedMovieof2009
2369|#47BestMovieof2014
2370|#57MostDiscussedMovieof2014
2371|#49MostSharedMovieof2014
2372|#83BestMovieof2006
2373|#66MostDiscussedMovieof2006
2374|#49BestMovieof2005
2375|#77BestMovieof2001
2376|#4MostSharedMovieof2005
2377|#7BestMovieof2010
2378|#43MostSharedMovieof2010
2379|#4BestMovieof2013
2380|#38MostDiscussedMovieof2013
2381|#48MostSharedMovieof2013
2382|#53BestMovieof2006
2383|#35MostDiscussedMovieof2006
2384|#36MostSharedMovieof2006
2385|#3BestMovieof2015
2386|#5MostDiscussedMovieof2015
2387|#32MostSharedMovieof2015
2388|#21MostDiscussedMovieof2011
2389|#23MostSharedMovieof2011
2390|#71MostDiscussedMovieof2013
2391|#54MostSharedMovieof2013
2392|#65MostDiscussedMovieof2015
2393|#86MostDiscussedMovieof2018
2394|#28MostSharedMovieof2018
2395|#37BestMovieof2002
2396|#18MostDiscussedMovieof2002
2397|#65MostSharedMovieof2002
2398|#95BestMovieof2010
2399|#1MostDiscussedMovieof2014
2400|#1MostSharedMovieof2014
2401|#18MostSharedMovieof2001
2402|#59BestMovieof2005
2403|#99BestMovieof2004
2404|#45BestMovieof2007
2405|#86BestMovieof2011
2406|#26BestMovieof2000
2407|#3MostSharedMovieof2005
2408|#67MostDiscussedMovieof2014
2409|#89MostSharedMovieof2014
2410|#80BestMovieof2007
2411|#29MostDiscussedMovieof2007
2412|#14MostSharedMovieof2007
2413|#36MostDiscussedMovieof2014
2414|#5MostSharedMovieof2014
2415|#82BestMovieof2003
2416|#79MostDiscussedMovieof2003
2417|#89MostSharedMovieof2003
2418|#90BestMovieof2021
2419|#78BestMovieof2009
2420|#57MostDiscussedMovieof2009
2421|#100MostSharedMovieof2006
2422|#52BestMovieof2019
2423|#92BestMovieof2008
2424|#14MostSharedMovieof2010
2425|#25BestMovieof2006
2426|#54BestMovieof2001
2427|#67BestMovieof2015
2428|#94BestMovieof2011
2429|#66BestMovieof2006
2430|#46BestMovieof2008
2431|#4MostDiscussedMovieof2008
2432|#5MostSharedMovieof2008
2433|#7MostDiscussedMovieof2010
2434|#29MostSharedMovieof2010
2435|#3MostDiscussedMovieof2013
2436|#22MostSharedMovieof2013
2437|#35BestMovieof2001
2438|#68MostSharedMovieof2011
2439|#64MostDiscussedMovieof2003
2440|#16MostSharedMovieof2003
2441|#90BestMovieof2013
2442|#59BestMovieof2018
2443|#36MostDiscussedMovieof2018
2444|#15MostSharedMovieof2018
2445|#100BestMovieof2005
2446|#13MostDiscussedMovieof2017
2447|#12MostSharedMovieof2017
2448|#12MostDiscussedMovieof2019
2449|#91BestMovieof2017
2450|#44MostDiscussedMovieof2017
2451|#33MostSharedMovieof2017
2452|#88BestMovieof2014
2453|#41BestMovieof2015
2454|#17MostDiscussedMovieof2015
2455|#46MostSharedMovieof2015
2456|#50BestMovieof2002
2457|#76MostDiscussedMovieof2009
2458|#96MostDiscussedMovieof2010
2459|#4BestMovieof2012
2460|#48MostSharedMovieof2012
2461|#40BestMovieof2008
2462|#36BestMovieof2016
2463|#75MostDiscussedMovieof2011
2464|#91MostSharedMovieof2011
2465|#46MostDiscussedMovieof2011
2466|#72MostSharedMovieof2011
2467|#32MostDiscussedMovieof2012
2468|#9MostSharedMovieof2012
2469|#100MostSharedMovieof2016
2470|#62MostDiscussedMovieof2014
2471|#88MostDiscussedMovieof2013
2472|#74MostDiscussedMovieof2010
2473|#91MostDiscussedMovieof2006
2474|#96MostDiscussedMovieof2013
2475|#68MostDiscussedMovieof2002
2476|#93MostSharedMovieof2002
2477|#50BestMovieof2016
2478|#89MostDiscussedMovieof2016
2479|#9BestMovieof2015
2480|#91BestMovieof2001
2481|#40BestMovieof2015
2482|#17BestMovieof2017
2483|#59BestMovieof2011
2484|#93MostSharedMovieof2011
2485|#26BestMovieof2018
2486|#49BestMovieof2003
2487|#63BestMovieof2003
2488|#59MostSharedMovieof2003
2489|#26MostDiscussedMovieof2005
2490|#25MostDiscussedMovieof2016
2491|#40MostSharedMovieof2016
2492|#32MostDiscussedMovieof2002
2493|#84MostSharedMovieof2002
2494|#58MostDiscussedMovieof2001
2495|#74BestMovieof2010
2496|#26MostDiscussedMovieof2001
2497|#17MostSharedMovieof2001
2498|#62MostDiscussedMovieof2003
2499|#72MostSharedMovieof2003
2500|#47MostDiscussedMovieof2009
2501|#23MostSharedMovieof2009
2502|#98BestMovieof2009
2503|#38BestMovieof2000
2504|#66BestMovieof2020
2505|#78MostDiscussedMovieof2017
2506|#97MostSharedMovieof2017
2507|#49MostDiscussedMovieof2001
2508|#63MostSharedMovieof2001
2509|#77MostDiscussedMovieof2020
2510|#59BestMovieof2012
2511|#85MostDiscussedMovieof2020
2512|#38BestMovieof2010
2513|#18MostSharedMovieof2013
2514|#66BestMovieof2014
2515|#33MostDiscussedMovieof2001
2516|#54BestMovieof2000
2517|#38BestMovieof2007
2518|#16MostDiscussedMovieof2012
2519|#44MostSharedMovieof2012
2520|#61BestMovieof2018
2521|#72MostDiscussedMovieof2002
2522|#45MostSharedMovieof2002
2523|#17MostDiscussedMovieof2014
2524|#4MostSharedMovieof2014
2525|#22MostDiscussedMovieof2017
2526|#32MostSharedMovieof2017
2527|#19MostDiscussedMovieof2019
2528|#21MostSharedMovieof2019
2529|#68MostDiscussedMovieof2003
2530|#98MostDiscussedMovieof2011
2531|#77MostSharedMovieof2011
2532|#29MostDiscussedMovieof2019
2533|#1MostDiscussedMovieof2019
2534|#90MostDiscussedMovieof2010
2535|#36BestMovieof2006
2536|#80MostDiscussedMovieof2008
2537|#55MostSharedMovieof2008
2538|#84BestMovieof2001
2539|#62MostDiscussedMovieof2015
2540|#36MostSharedMovieof2015
2541|#57BestMovieof2001
2542|#70MostDiscussedMovieof2001
2543|#47MostSharedMovieof2001
2544|#30BestMovieof2021
2545|#57MostDiscussedMovieof2021
2546|#86MostDiscussedMovieof2019
2547|#45MostDiscussedMovieof2009
2548|#24BestMovieof2001
2549|#51MostDiscussedMovieof2019
2550|#33MostDiscussedMovieof2017
2551|#37MostSharedMovieof2017
2552|#28MostDiscussedMovieof2008
2553|#58MostSharedMovieof2008
2554|#31BestMovieof2005
2555|#79MostDiscussedMovieof2005
2556|#86MostSharedMovieof2005
2557|#28BestMovieof2001
2558|#39MostDiscussedMovieof2021
2559|#29BestMovieof2007
2560|#7MostDiscussedMovieof2007
2561|#30MostSharedMovieof2007
2562|#19MostDiscussedMovieof2015
2563|#5MostDiscussedMovieof2001
2564|#25MostSharedMovieof2001
2565|#3MostDiscussedMovieof2015
2566|#27MostSharedMovieof2015
2567|#13MostDiscussedMovieof2018
2568|#7MostSharedMovieof2018
2569|#74MostSharedMovieof2005
2570|#63MostDiscussedMovieof2011
2571|#94MostSharedMovieof2011
2572|#95MostDiscussedMovieof2005
2573|#93MostDiscussedMovieof2019
2574|#2MostDiscussedMovieof2017
2575|#4MostSharedMovieof2017
2576|#24MostDiscussedMovieof2011
2577|#61MostDiscussedMovieof2013
2578|#46MostDiscussedMovieof2001
2579|#95BestMovieof2000
2580|#25BestMovieof2016
2581|#81BestMovieof2020
2582|#51BestMovieof2001
2583|#50MostDiscussedMovieof2003
2584|#69MostSharedMovieof2003
2585|#43MostDiscussedMovieof2010
2586|#12MostSharedMovieof2010
2587|#88MostDiscussedMovieof2021
2588|#35MostDiscussedMovieof2001
2589|#48MostDiscussedMovieof2012
2590|#54MostSharedMovieof2012
2591|#35BestMovieof2009
2592|#45BestMovieof2005
2593|#62MostSharedMovieof2016
2594|#81BestMovieof2014
2595|#49BestMovieof2012
2596|#85MostSharedMovieof2000
2597|#90BestMovieof2011
2598|#11MostDiscussedMovieof2010
2599|#26MostSharedMovieof2010
2600|#30MostDiscussedMovieof2013
2601|#13MostSharedMovieof2013
2602|#87MostDiscussedMovieof2005
2603|#100BestMovieof2014
2604|#2MostDiscussedMovieof2003
2605|#11MostSharedMovieof2003
2606|#22BestMovieof2004
2607|#8MostDiscussedMovieof2004
2608|#22MostSharedMovieof2004
2609|#98MostSharedMovieof2011
2610|#76MostSharedMovieof2014
2611|#15MostSharedMovieof2013
2612|#1BestMovieof2007
2613|#88MostSharedMovieof2007
2614|#55MostDiscussedMovieof2012
2615|#89MostSharedMovieof2012
2616|#65MostDiscussedMovieof2004
2617|#59MostSharedMovieof2004
2618|#34MostDiscussedMovieof2017
2619|#39MostSharedMovieof2017
2620|#28BestMovieof2005
2621|#1MostDiscussedMovieof2005
2622|#2MostSharedMovieof2005
2623|#54MostDiscussedMovieof2021
2624|#62MostDiscussedMovieof2005
2625|#19MostSharedMovieof2005
2626|#12BestMovieof2005
2627|#48MostDiscussedMovieof2016
2628|#95MostSharedMovieof2016
2629|#38MostDiscussedMovieof2017
2630|#60MostSharedMovieof2017
2631|#12MostDiscussedMovieof2015
2632|#68MostSharedMovieof2015
2633|#67MostSharedMovieof2014
2634|#37BestMovieof2004
2635|#50BestMovieof2000
2636|#91BestMovieof2005
2637|#45MostDiscussedMovieof2005
2638|#24MostSharedMovieof2005
2639|#89MostDiscussedMovieof2001
2640|#27BestMovieof2001
2641|#79BestMovieof2001
2642|#98MostSharedMovieof2001
2643|#68BestMovieof2004
2644|#52MostDiscussedMovieof2019
2645|#60BestMovieof2004
2646|#69MostDiscussedMovieof2010
2647|#49BestMovieof2019
2648|#21MostDiscussedMovieof2019
2649|#69BestMovieof2019
2650|#71MostDiscussedMovieof2015
2651|#44MostSharedMovieof2015
2652|#14BestMovieof2007
2653|#12MostDiscussedMovieof2007
2654|#51MostSharedMovieof2007
2655|#22MostDiscussedMovieof2009
2656|#22MostSharedMovieof2009
2657|#99BestMovieof2012
2658|#23MostDiscussedMovieof2017
2659|#24MostSharedMovieof2017
2660|#76MostDiscussedMovieof2015
2661|#58MostSharedMovieof2015
2662|#20BestMovieof2016
2663|#29BestMovieof2016
2664|#33MostDiscussedMovieof2016
2665|#54MostSharedMovieof2016
2666|#54BestMovieof2005
2667|#67MostDiscussedMovieof2005
2668|#18MostSharedMovieof2005
2669|#64BestMovieof2008
2670|#30MostDiscussedMovieof2008
2671|#20MostSharedMovieof2008
2672|#41MostDiscussedMovieof2011
2673|#96MostSharedMovieof2011
2674|#43MostDiscussedMovieof2016
2675|#45MostSharedMovieof2016
2676|#5MostDiscussedMovieof2002
2677|#23MostSharedMovieof2002
2678|#36BestMovieof2015
2679|#26BestMovieof2013
2680|#56BestMovieof2001
2681|#75BestMovieof2007
2682|#53BestMovieof2001
2683|#4BestMovieof2016
2684|#8MostDiscussedMovieof2016
2685|#15MostSharedMovieof2016
2686|#71BestMovieof2020
2687|#44MostSharedMovieof2006
2688|#56BestMovieof2021
2689|#97MostSharedMovieof2005
2690|#4BestMovieof2017
2691|#26MostDiscussedMovieof2017
2692|#26MostSharedMovieof2017
2693|#36BestMovieof2007
2694|#53MostSharedMovieof2007
2695|#14MostDiscussedMovieof2006
2696|#74MostSharedMovieof2006
2697|#60BestMovieof2006
2698|#15BestMovieof2002
2699|#100MostDiscussedMovieof2002
2700|#3MostSharedMovieof2002
2701|#22BestMovieof2007
2702|#95BestMovieof2009
2703|#93MostSharedMovieof2008
2704|#80MostDiscussedMovieof2005
2705|#66MostSharedMovieof2005
2706|#54MostDiscussedMovieof2009
2707|#16BestMovieof2001
2708|#29MostDiscussedMovieof2001
2709|#32MostSharedMovieof2001
2710|#13MostDiscussedMovieof2003
2711|#62MostDiscussedMovieof2007
2712|#84MostSharedMovieof2007
2713|#23BestMovieof2006
2714|#86BestMovieof2021
2715|#21BestMovieof2014
2716|#86BestMovieof2004
2717|#76BestMovieof2017
2718|#55MostSharedMovieof2011
2719|#47MostDiscussedMovieof2021
2720|#46BestMovieof2001
2721|#30BestMovieof2001
2722|#12BestMovieof2010
2723|#24BestMovieof2002
2724|#91MostSharedMovieof2019
2725|#36MostDiscussedMovieof2009
2726|#11MostSharedMovieof2009
2727|#76MostDiscussedMovieof2012
2728|#53MostSharedMovieof2012
2729|#57BestMovieof2003
2730|#84BestMovieof2005
2731|#68MostSharedMovieof2005
2732|#29BestMovieof2011
2733|#73BestMovieof2018
2734|#51MostSharedMovieof2010
2735|#23BestMovieof2018
2736|#83MostDiscussedMovieof2018
2737|#65MostSharedMovieof2018
2738|#69MostSharedMovieof2010
2739|#13BestMovieof2010
2740|#91MostDiscussedMovieof2013
2741|#8MostSharedMovieof2013
2742|#89MostSharedMovieof2001
2743|#72MostDiscussedMovieof2014
2744|#63MostSharedMovieof2014
2745|#82MostDiscussedMovieof2000
2746|#53MostDiscussedMovieof2001
2747|#28MostSharedMovieof2001
2748|#88MostSharedMovieof2015
2749|#78MostDiscussedMovieof2010
2750|#48MostDiscussedMovieof2010
2751|#84MostSharedMovieof2010
2752|#82BestMovieof2009
2753|#39MostDiscussedMovieof2004
2754|#21MostSharedMovieof2004
2755|#9BestMovieof2006
2756|#65BestMovieof2007
2757|#64BestMovieof2000
2758|#69BestMovieof2002
2759|#10MostDiscussedMovieof2012
2760|#36MostSharedMovieof2012
2761|#80BestMovieof2020
2762|#41BestMovieof2010
2763|#55MostDiscussedMovieof2010
2764|#4MostSharedMovieof2010
2765|#17BestMovieof2013
2766|#26BestMovieof2008
2767|#25MostDiscussedMovieof2008
2768|#38MostSharedMovieof2008
2769|#87BestMovieof2018
2770|#93MostDiscussedMovieof2014
2771|#7BestMovieof2006
2772|#37MostDiscussedMovieof2006
2773|#40BestMovieof2013
2774|#3BestMovieof2014
2775|#58MostSharedMovieof2014
2776|#38BestMovieof2014
2777|#67BestMovieof2001
2778|#11BestMovieof2021
2779|#45MostDiscussedMovieof2021
2780|#74BestMovieof2001
2781|#39MostDiscussedMovieof2017
2782|#28MostSharedMovieof2017
2783|#55BestMovieof2018
2784|#18BestMovieof2014
2785|#48BestMovieof2012
2786|#20MostDiscussedMovieof2012
2787|#17MostSharedMovieof2012
2788|#81MostSharedMovieof2018
2789|#80BestMovieof2019
2790|#41BestMovieof2004
2791|#58MostDiscussedMovieof2016
2792|#60MostSharedMovieof2016
2793|#49MostSharedMovieof2002
2794|#77BestMovieof2013
2795|#85BestMovieof2015
2796|#66BestMovieof2002
2797|#36MostDiscussedMovieof2002
2798|#43MostSharedMovieof2002
2799|#21BestMovieof2003
2800|#49BestMovieof2021
2801|#40MostDiscussedMovieof2011
2802|#38MostSharedMovieof2011
2803|#9BestMovieof2012
2804|#23MostDiscussedMovieof2012
2805|#46MostSharedMovieof2012
2806|#56MostDiscussedMovieof2016
2807|#64MostSharedMovieof2016
2808|#90MostDiscussedMovieof2007
2809|#22BestMovieof2015
2810|#93BestMovieof2014
2811|#78BestMovieof2021
2812|#61BestMovieof2006
2813|#67MostDiscussedMovieof2006
2814|#29MostSharedMovieof2006
2815|#51BestMovieof2006
2816|#65MostDiscussedMovieof2010
2817|#82BestMovieof2021
2818|#26MostSharedMovieof2006
2819|#22BestMovieof2016
2820|#35BestMovieof2006
2821|#12MostDiscussedMovieof2006
2822|#81MostSharedMovieof2006
2823|#36MostDiscussedMovieof2000
2824|#71MostSharedMovieof2000
2825|#7BestMovieof2019
2826|#47MostDiscussedMovieof2019
2827|#94MostDiscussedMovieof2016
2828|#30MostDiscussedMovieof2007
2829|#47BestMovieof2007
2830|#56BestMovieof2010
2831|#76BestMovieof2018
2832|#97BestMovieof2016
2833|#45BestMovieof2014
2834|#61MostDiscussedMovieof2014
2835|#87MostDiscussedMovieof2012
2836|#87MostSharedMovieof2012
2837|#8MostDiscussedMovieof2017
2838|#6MostSharedMovieof2017
2839|#55MostDiscussedMovieof2017
2840|#70MostSharedMovieof2017
2841|#60MostDiscussedMovieof2016
2842|#71MostSharedMovieof2016
2843|#19MostDiscussedMovieof2013
2844|#46MostSharedMovieof2013
2845|#56MostDiscussedMovieof2013
2846|#36MostSharedMovieof2013
2847|#12BestMovieof2019
2848|#22MostSharedMovieof2019
2849|#65MostDiscussedMovieof2019
2850|#12MostSharedMovieof2019
2851|#90BestMovieof2017
2852|#44BestMovieof2005
2853|#74MostDiscussedMovieof2000
2854|#78MostDiscussedMovieof2003
2855|#18BestMovieof2012
2856|#9MostDiscussedMovieof2012
2857|#22MostSharedMovieof2012
2858|#41MostDiscussedMovieof2005
2859|#82MostSharedMovieof2005
2860|#80BestMovieof2013
2861|#47BestMovieof2009
2862|#12BestMovieof2004
2863|#42MostDiscussedMovieof2000
2864|#83MostDiscussedMovieof2001
2865|#44BestMovieof2004
2866|#61BestMovieof2003
2867|#6BestMovieof2003
2868|#5MostDiscussedMovieof2003
2869|#18MostSharedMovieof2003
2870|#76MostDiscussedMovieof2000
2871|#61MostSharedMovieof2010
2872|#55BestMovieof2011
2873|#100BestMovieof2010
2874|#31MostSharedMovieof2015
2875|#31MostDiscussedMovieof2003
2876|#6MostSharedMovieof2003
2877|#44BestMovieof2018
2878|#13BestMovieof2003
2879|#41MostDiscussedMovieof2020
2880|#85MostDiscussedMovieof2010
2881|#60MostSharedMovieof2010
2882|#96BestMovieof2019
2883|#92BestMovieof2000
2884|#59MostDiscussedMovieof2000
2885|#78MostSharedMovieof2000
2886|#61MostDiscussedMovieof2003
2887|#96MostSharedMovieof2003
2888|#51BestMovieof2011
2889|#18BestMovieof2016
2890|#88MostSharedMovieof2016
2891|#41BestMovieof2014
2892|#66BestMovieof2015
2893|#97MostDiscussedMovieof2015
2894|#1MostSharedMovieof2000
2895|#51MostDiscussedMovieof2018
2896|#63MostSharedMovieof2018
2897|#90BestMovieof2008
2898|#82MostSharedMovieof2013
2899|#67BestMovieof2011
2900|#24BestMovieof2017
2901|#54BestMovieof2002
2902|#99BestMovieof2011
2903|#66BestMovieof2016
2904|#42MostDiscussedMovieof2021
2905|#77BestMovieof2017
2906|#50MostDiscussedMovieof2006
2907|#36MostSharedMovieof2000
2908|#16MostDiscussedMovieof2014
2909|#16MostSharedMovieof2014
2910|#42BestMovieof2001
2911|#77BestMovieof2000
2912|#42MostSharedMovieof2007
2913|#93BestMovieof2021
2914|#15BestMovieof2020
2915|#44MostDiscussedMovieof2020
2916|#76MostSharedMovieof2015
2917|#80MostDiscussedMovieof2010
2918|#42MostDiscussedMovieof2010
2919|#41MostSharedMovieof2010
2920|#95MostSharedMovieof2011
2921|#57BestMovieof2005
2922|#12BestMovieof2015
2923|#2MostDiscussedMovieof2015
2924|#21MostSharedMovieof2015
2925|#41BestMovieof2000
2926|#47MostDiscussedMovieof2005
2927|#52MostSharedMovieof2005
2928|#65MostDiscussedMovieof2012
2929|#49MostSharedMovieof2012
2930|#81MostDiscussedMovieof2008
2931|#98MostSharedMovieof2008
2932|#50MostSharedMovieof2001
2933|#89MostSharedMovieof2008
2934|#50MostSharedMovieof2009
2935|#39MostSharedMovieof2011
2936|#34MostSharedMovieof2006
2937|#97BestMovieof2018
2938|#27BestMovieof2010
2939|#84MostDiscussedMovieof2015
2940|#98BestMovieof2016
2941|#86MostDiscussedMovieof2012
2942|#39MostSharedMovieof2012
2943|#17MostSharedMovieof2015
2944|#54MostSharedMovieof2002
2945|#24BestMovieof2014
2946|#46BestMovieof2019
2947|#52MostSharedMovieof2019
2948|#71BestMovieof2005
2949|#52BestMovieof2020
2950|#72BestMovieof2019
2951|#81MostDiscussedMovieof2021
2952|#29MostDiscussedMovieof2014
2953|#46MostSharedMovieof2014
2954|#58MostDiscussedMovieof2019
2955|#71MostDiscussedMovieof2000
2956|#12MostSharedMovieof2000
2957|#37MostDiscussedMovieof2021
2958|#53MostDiscussedMovieof2013
2959|#11MostSharedMovieof2013
2960|#20MostDiscussedMovieof2008
2961|#19MostSharedMovieof2008
2962|#64MostDiscussedMovieof2018
2963|#67MostSharedMovieof2018
2964|#1MostDiscussedMovieof2013
2965|#6MostSharedMovieof2013
2966|#96MostDiscussedMovieof2012
2967|#71MostSharedMovieof2012
2968|#43MostDiscussedMovieof2004
2969|#14MostSharedMovieof2004
2970|#55BestMovieof2003
2971|#5BestMovieof2008
2972|#54MostSharedMovieof2008
2973|#23BestMovieof2014
2974|#2BestMovieof2016
2975|#26MostDiscussedMovieof2016
2976|#22MostSharedMovieof2016
2977|#64BestMovieof2018
2978|#44MostDiscussedMovieof2018
2979|#55MostSharedMovieof2018
2980|#78BestMovieof2003
2981|#59MostDiscussedMovieof2003
2982|#67BestMovieof2020
2983|#40MostDiscussedMovieof2020
2984|#39BestMovieof2007
2985|#11BestMovieof2014
2986|#75BestMovieof2000
2987|#99MostSharedMovieof2000
2988|#42BestMovieof2005
2989|#74MostDiscussedMovieof2005
2990|#86MostSharedMovieof2011
2991|#62BestMovieof2011
2992|#8BestMovieof2004
2993|#31MostDiscussedMovieof2006
2994|#71MostSharedMovieof2006
2995|#78BestMovieof2012
2996|#80BestMovieof2003
2997|#55BestMovieof2017
2998|#27BestMovieof2012
2999|#58MostDiscussedMovieof2008
3000|#96MostSharedMovieof2008
3001|#96BestMovieof2020
3002|#7BestMovieof2003
3003|#4BestMovieof2019
3004|#35MostDiscussedMovieof2019
3005|#76BestMovieof2011
3006|#99MostDiscussedMovieof2011
3007|#26BestMovieof2010
3008|#45MostSharedMovieof2019
3009|#40MostDiscussedMovieof2018
3010|#69BestMovieof2021
3011|#27BestMovieof2003
3012|#28MostDiscussedMovieof2003
3013|#46MostSharedMovieof2003
3014|#98BestMovieof2005
3015|#15MostDiscussedMovieof2005
3016|#5MostSharedMovieof2005
3017|#65MostDiscussedMovieof2003
3018|#33MostSharedMovieof2001
3019|#33MostDiscussedMovieof2008
3020|#62MostSharedMovieof2008
3021|#19MostSharedMovieof2003
3022|#52MostDiscussedMovieof2018
3023|#31MostSharedMovieof2018
3024|#36MostDiscussedMovieof2015
3025|#95MostSharedMovieof2015
3026|#59BestMovieof2004
3027|#41BestMovieof2018
3028|#89MostDiscussedMovieof2015
3029|#87BestMovieof2009
3030|#62BestMovieof2005
3031|#58MostDiscussedMovieof2005
3032|#90MostDiscussedMovieof2016
3033|#61MostSharedMovieof2016
3034|#80BestMovieof2000
3035|#44MostDiscussedMovieof2000
3036|#67MostSharedMovieof2000
3037|#47MostSharedMovieof2002
3038|#96BestMovieof2012
3039|#77BestMovieof2004
3040|#17MostDiscussedMovieof2004
3041|#16MostSharedMovieof2004
3042|#21BestMovieof2011
3043|#88MostSharedMovieof2011
3044|#73MostDiscussedMovieof2004
3045|#68BestMovieof2000
3046|#19MostDiscussedMovieof2000
3047|#52MostSharedMovieof2000
3048|#92MostDiscussedMovieof2007
3049|#17MostDiscussedMovieof2008
3050|#70MostSharedMovieof2008
3051|#36MostDiscussedMovieof2010
3052|#94MostSharedMovieof2010
3053|#39BestMovieof2011
3054|#45MostDiscussedMovieof2011
3055|#36MostSharedMovieof2011
3056|#29BestMovieof2001
3057|#3MostDiscussedMovieof2001
3058|#10MostSharedMovieof2001
3059|#33MostDiscussedMovieof2005
3060|#58MostSharedMovieof2005
3061|#7BestMovieof2021
3062|#16BestMovieof2005
3063|#87MostSharedMovieof2005
3064|#31MostDiscussedMovieof2002
3065|#30MostDiscussedMovieof2012
3066|#44MostDiscussedMovieof2019
3067|#36MostSharedMovieof2019
3068|#93MostSharedMovieof2014
3069|#69BestMovieof2017
3070|#25BestMovieof2002
3071|#90BestMovieof2015
3072|#85BestMovieof2010
3073|#88BestMovieof2006
3074|#80BestMovieof2004
3075|#55BestMovieof2002
3076|#26MostDiscussedMovieof2006
3077|#73MostSharedMovieof2006
3078|#26BestMovieof2007
3079|#26MostDiscussedMovieof2007
3080|#69MostSharedMovieof2007
3081|#83BestMovieof2019
3082|#70BestMovieof2010
3083|#77BestMovieof2012
3084|#54BestMovieof2019
3085|#37BestMovieof2011
3086|#28MostDiscussedMovieof2011
3087|#37MostSharedMovieof2011
3088|#63MostDiscussedMovieof2016
3089|#57MostSharedMovieof2016
3090|#85BestMovieof2019
3091|#22MostDiscussedMovieof2019
3092|#26MostSharedMovieof2019
3093|#56MostDiscussedMovieof2019
3094|#98MostDiscussedMovieof2018
3095|#20BestMovieof2008
3096|#38MostDiscussedMovieof2008
3097|#85MostSharedMovieof2008
3098|#94BestMovieof2003
3099|#69BestMovieof2003
3100|#10BestMovieof2004
3101|#14MostDiscussedMovieof2004
3102|#7MostSharedMovieof2004
3103|#79BestMovieof2005
3104|#43MostSharedMovieof2005
3105|#9BestMovieof2020
3106|#49MostDiscussedMovieof2020
3107|#14BestMovieof2018
3108|#29MostDiscussedMovieof2015
3109|#37MostSharedMovieof2015
3110|#33BestMovieof2002
3111|#15MostDiscussedMovieof2002
3112|#30MostSharedMovieof2002
3113|#4MostSharedMovieof2016
3114|#69BestMovieof2018
3115|#82MostDiscussedMovieof2012
3116|#6MostDiscussedMovieof2020
3117|#46BestMovieof2011
3118|#72MostDiscussedMovieof2000
3119|#76MostSharedMovieof2009
3120|#65MostDiscussedMovieof2016
3121|#79MostSharedMovieof2016
3122|#89BestMovieof2016
3123|#69MostSharedMovieof2019
3124|#92BestMovieof2011
3125|#12MostDiscussedMovieof2011
3126|#47MostSharedMovieof2011
3127|#20MostDiscussedMovieof2015
3128|#57MostSharedMovieof2015
3129|#34BestMovieof2018
3130|#17MostDiscussedMovieof2018
3131|#16MostSharedMovieof2018
3132|#13MostDiscussedMovieof2000
3133|#20MostSharedMovieof2000
3134|#28MostDiscussedMovieof2006
3135|#28MostSharedMovieof2006
3136|#60MostDiscussedMovieof2000
3137|#39MostSharedMovieof2000
3138|#95BestMovieof2015
3139|#72BestMovieof2021
3140|#53BestMovieof2016
3141|#24MostDiscussedMovieof2016
3142|#32MostSharedMovieof2016
3143|#75MostDiscussedMovieof2017
3144|#13BestMovieof2008
3145|#70MostSharedMovieof2003
3146|#84MostDiscussedMovieof2016
3147|#92MostSharedMovieof2016
3148|#10BestMovieof2011
3149|#22MostDiscussedMovieof2011
3150|#57MostSharedMovieof2011
3151|#63BestMovieof2008
3152|#34MostSharedMovieof2008
3153|#97BestMovieof2019
3154|#93MostDiscussedMovieof2003
3155|#23BestMovieof2012
3156|#49BestMovieof2002
3157|#59BestMovieof2003
3158|#89MostDiscussedMovieof2003
3159|#36MostSharedMovieof2003
3160|#77MostDiscussedMovieof2006
3161|#67MostSharedMovieof2006
3162|#38MostDiscussedMovieof2020
3163|#82MostDiscussedMovieof2010
3164|#42MostSharedMovieof2010
3165|#100BestMovieof2001
3166|#100MostDiscussedMovieof2001
3167|#43MostSharedMovieof2001
3168|#31BestMovieof2001
3169|#6MostDiscussedMovieof2001
3170|#9MostSharedMovieof2001
3171|#26MostDiscussedMovieof2013
3172|#24MostSharedMovieof2013
3173|#49MostDiscussedMovieof2009
3174|#98MostSharedMovieof2009
3175|#2BestMovieof2004
3176|#26MostDiscussedMovieof2009
3177|#17MostSharedMovieof2009
3178|#1BestMovieof2016
3179|#17MostDiscussedMovieof2016
3180|#20MostSharedMovieof2016
3181|#16BestMovieof2012
3182|#27MostDiscussedMovieof2012
3183|#26MostSharedMovieof2012
3184|#47BestMovieof2003
3185|#47MostDiscussedMovieof2018
3186|#6MostDiscussedMovieof2021
3187|#85MostDiscussedMovieof2015
3188|#41BestMovieof2002
3189|#86BestMovieof2002
3190|#82MostDiscussedMovieof2002
3191|#42BestMovieof2010
3192|#36MostSharedMovieof2010
3193|#19MostDiscussedMovieof2017
3194|#17MostSharedMovieof2017
3195|#68BestMovieof2013
3196|#100MostDiscussedMovieof2019
3197|#87MostSharedMovieof2016
3198|#13MostDiscussedMovieof2001
3199|#34MostSharedMovieof2001
3200|#60BestMovieof2018
3201|#49BestMovieof2006
3202|#64BestMovieof2016
3203|#42MostDiscussedMovieof2013
3204|#55MostSharedMovieof2013
3205|#42BestMovieof2008
3206|#78MostSharedMovieof2007
3207|#69MostDiscussedMovieof2007
3208|#58MostSharedMovieof2007
3209|#42MostDiscussedMovieof2002
3210|#77MostSharedMovieof2002
3211|#39MostDiscussedMovieof2005
3212|#11MostSharedMovieof2005
3213|#77MostDiscussedMovieof2013
3214|#52MostSharedMovieof2013
3215|#78MostDiscussedMovieof2014
3216|#95MostDiscussedMovieof2011
3217|#2BestMovieof2014
3218|#30MostSharedMovieof2014
3219|#65BestMovieof2013
3220|#88BestMovieof2013
3221|#82MostDiscussedMovieof2013
3222|#78MostSharedMovieof2013
3223|#34BestMovieof2017
3224|#49BestMovieof2010
3225|#4MostDiscussedMovieof2020
3226|#9MostSharedMovieof2020
3227|#14BestMovieof2001
3228|#7MostDiscussedMovieof2001
3229|#12MostSharedMovieof2001
3230|#78BestMovieof2005
3231|#16MostDiscussedMovieof2005
3232|#40MostSharedMovieof2005
3233|#91MostDiscussedMovieof2019
3234|#42MostDiscussedMovieof2017
3235|#48MostSharedMovieof2017
3236|#6BestMovieof2005
3237|#42BestMovieof2002
3238|#94BestMovieof2013
3239|#35BestMovieof2018
3240|#22BestMovieof2013
3241|#34MostDiscussedMovieof2021
3242|#97MostSharedMovieof2007
3243|#74BestMovieof2009
3244|#39BestMovieof2015
3245|#65MostSharedMovieof2015
3246|#80MostDiscussedMovieof2018
3247|#94MostSharedMovieof2018
3248|#26BestMovieof2006
3249|#83MostSharedMovieof2015
3250|#29BestMovieof2003
3251|#87MostSharedMovieof2008
3252|#93MostDiscussedMovieof2002
3253|#28MostSharedMovieof2002
3254|#5MostSharedMovieof2016
3255|#84BestMovieof2008
3256|#76BestMovieof2006
3257|#88BestMovieof2020
3258|#35BestMovieof2010
3259|#38BestMovieof2003
3260|#72MostDiscussedMovieof2003
3261|#19BestMovieof2016
3262|#22BestMovieof2017
3263|#88MostDiscussedMovieof2020
3264|#18BestMovieof2017
3265|#32BestMovieof2011
3266|#74BestMovieof2007
3267|#35BestMovieof2017
3268|#70MostDiscussedMovieof2017
3269|#76MostSharedMovieof2005
3270|#74BestMovieof2005
3271|#19BestMovieof2007
3272|#79MostDiscussedMovieof2010
3273|#9MostSharedMovieof2010
3274|#4BestMovieof2011
3275|#92MostDiscussedMovieof2009
3276|#54MostSharedMovieof2009
3277|#23BestMovieof2005
3278|#65BestMovieof2003
3279|#4BestMovieof2001
3280|#91MostDiscussedMovieof2011
3281|#12BestMovieof2008
3282|#31BestMovieof2011
3283|#98BestMovieof2001
3284|#82BestMovieof2005
3285|#16BestMovieof2003
3286|#19MostDiscussedMovieof2003
3287|#21MostSharedMovieof2003
3288|#53MostDiscussedMovieof2006
3289|#52MostSharedMovieof2006
3290|#99MostDiscussedMovieof2005
3291|#58BestMovieof2007
3292|#9MostDiscussedMovieof2004
3293|#37MostSharedMovieof2004
3294|#93BestMovieof2002
3295|#7BestMovieof2014
3296|#24MostDiscussedMovieof2004
3297|#67MostSharedMovieof2004
3298|#47MostDiscussedMovieof2007
3299|#96MostSharedMovieof2019
3300|#14BestMovieof2013
3301|#81MostDiscussedMovieof2013
3302|#69MostSharedMovieof2013
3303|#40MostDiscussedMovieof2014
3304|#83MostSharedMovieof2014
3305|#60BestMovieof2012
3306|#47MostDiscussedMovieof2014
3307|#90MostSharedMovieof2016
3308|#18BestMovieof2006
3309|#84BestMovieof2012
3310|#19BestMovieof2010
3311|#58BestMovieof2016
3312|#46BestMovieof2016
3313|#91MostDiscussedMovieof2016
3314|#76MostDiscussedMovieof2008
3315|#83MostDiscussedMovieof2010
3316|#48MostSharedMovieof2010
3317|#71MostSharedMovieof2019
3318|#5BestMovieof2020
3319|#43MostDiscussedMovieof2020
3320|#1MostSharedMovieof2011
3321|#88BestMovieof2005
3322|#61MostDiscussedMovieof2020
3323|#15BestMovieof2016
3324|#81MostSharedMovieof2007
3325|#48MostSharedMovieof2000
3326|#90BestMovieof2002
3327|#99MostDiscussedMovieof2008
3328|#85BestMovieof2013
3329|#32MostDiscussedMovieof2006
3330|#80MostDiscussedMovieof2009
3331|#86MostDiscussedMovieof2014
3332|#84BestMovieof2018
3333|#55BestMovieof2021
3334|#28BestMovieof2014
3335|#98BestMovieof2014
3336|#25MostDiscussedMovieof2014
3337|#14MostSharedMovieof2014
3338|#66MostDiscussedMovieof2021
3339|#56MostSharedMovieof2016
3340|#50MostDiscussedMovieof2009
3341|#100MostSharedMovieof2009
3342|#37BestMovieof2005
3343|#30BestMovieof2002
3344|#78MostDiscussedMovieof2002
3345|#70MostDiscussedMovieof2009
3346|#37MostSharedMovieof2009
3347|#41BestMovieof2013
3348|#14MostSharedMovieof2013
3349|#5BestMovieof2007
3350|#1MostDiscussedMovieof2007
3351|#6MostSharedMovieof2007
3352|#7BestMovieof2007
3353|#68MostDiscussedMovieof2015
3354|#62MostSharedMovieof2015
3355|#96MostSharedMovieof2014
3356|#47BestMovieof2016
3357|#17BestMovieof2001
3358|#99BestMovieof2010
3359|#97MostDiscussedMovieof2011
3360|#65MostSharedMovieof2011
3361|#16MostDiscussedMovieof2021
3362|#14MostDiscussedMovieof2014
3363|#61MostSharedMovieof2014
3364|#33MostDiscussedMovieof2021
3365|#3BestMovieof2005
3366|#39MostDiscussedMovieof2016
3367|#66MostSharedMovieof2016
3368|#26BestMovieof2020
3369|#3BestMovieof2020
3370|#28MostDiscussedMovieof2020
3371|#77MostSharedMovieof2019
3372|#45MostDiscussedMovieof2014
3373|#85MostDiscussedMovieof2007
3374|#19MostSharedMovieof2007
3375|#57MostDiscussedMovieof2016
3376|#53BestMovieof2014
3377|#100MostDiscussedMovieof2005
3378|#69MostDiscussedMovieof2003
3379|#72BestMovieof2018
3380|#3BestMovieof2011
3381|#95MostDiscussedMovieof2001
3382|#64MostSharedMovieof2001
3383|#73BestMovieof2000
3384|#68BestMovieof2009
3385|#90BestMovieof2006
3386|#90MostDiscussedMovieof2006
3387|#54MostSharedMovieof2006
3388|#80MostSharedMovieof2009
3389|#48BestMovieof2004
3390|#82BestMovieof2018
3391|#22MostDiscussedMovieof2013
3392|#21MostSharedMovieof2013
3393|#59MostDiscussedMovieof2016
3394|#89MostSharedMovieof2016
3395|#76BestMovieof2003
3396|#53BestMovieof2017
3397|#98BestMovieof2000
3398|#42BestMovieof2016
3399|#66MostSharedMovieof2000
3400|#34MostSharedMovieof2014
3401|#15MostSharedMovieof2001
3402|#22MostDiscussedMovieof2000
3403|#16MostSharedMovieof2000
3404|#35BestMovieof2004
3405|#10MostDiscussedMovieof2013
3406|#39MostSharedMovieof2013
3407|#66BestMovieof2008
3408|#88MostDiscussedMovieof2009
3409|#93MostDiscussedMovieof2009
3410|#46MostSharedMovieof2009
3411|#97BestMovieof2014
3412|#68BestMovieof2010
3413|#31MostDiscussedMovieof2018
3414|#32MostSharedMovieof2018
3415|#64BestMovieof2001
3416|#21MostDiscussedMovieof2001
3417|#44MostSharedMovieof2001
3418|#65MostDiscussedMovieof2007
3419|#56MostDiscussedMovieof2004
3420|#53MostDiscussedMovieof2014
3421|#13BestMovieof2011
3422|#19BestMovieof2015
3423|#40BestMovieof2009
3424|#62BestMovieof2016
3425|#34BestMovieof2015
3426|#13BestMovieof2007
3427|#51BestMovieof2009
3428|#81MostDiscussedMovieof2017
3429|#66MostSharedMovieof2017
3430|#44MostDiscussedMovieof2021
3431|#99MostDiscussedMovieof2009
3432|#21BestMovieof2006
3433|#46MostDiscussedMovieof2003
3434|#24MostSharedMovieof2003
3435|#55BestMovieof2005
3436|#31MostDiscussedMovieof2005
3437|#13MostSharedMovieof2005
3438|#49BestMovieof2020
3439|#37MostDiscussedMovieof2013
3440|#50MostSharedMovieof2013
3441|#45BestMovieof2018
3442|#73BestMovieof2017
3443|#31BestMovieof2020
3444|#100MostDiscussedMovieof2020
3445|#72BestMovieof2004
3446|#8BestMovieof2007
3447|#25MostDiscussedMovieof2007
3448|#5MostSharedMovieof2007
3449|#30BestMovieof2012
3450|#36BestMovieof2019
3451|#6MostDiscussedMovieof2019
3452|#4MostSharedMovieof2019
3453|#58MostDiscussedMovieof2003
3454|#38BestMovieof2005
3455|#97MostDiscussedMovieof2005
3456|#50MostSharedMovieof2005
3457|#29BestMovieof2019
3458|#87MostSharedMovieof2019
3459|#20BestMovieof2019
3460|#82MostSharedMovieof2011
3461|#14BestMovieof2000
3462|#37MostDiscussedMovieof2002
3463|#98MostSharedMovieof2002
3464|#41MostSharedMovieof2008
3465|#6BestMovieof2016
3466|#73MostDiscussedMovieof2001
3467|#23MostSharedMovieof2001
3468|#38BestMovieof2020
3469|#73MostDiscussedMovieof2020
3470|#94BestMovieof2017
3471|#7MostSharedMovieof2005
3472|#45MostSharedMovieof2009
3473|#55MostDiscussedMovieof2013
3474|#83MostSharedMovieof2013
3475|#67BestMovieof2014
3476|#18MostDiscussedMovieof2020
3477|#16MostSharedMovieof2020
3478|#44BestMovieof2003
3479|#66MostSharedMovieof2003
3480|#90MostSharedMovieof2006
3481|#64MostDiscussedMovieof2004
3482|#58MostSharedMovieof2019
3483|#2MostSharedMovieof2001
3484|#25BestMovieof2012
3485|#9MostSharedMovieof2009
3486|#19BestMovieof2004
3487|#17BestMovieof2012
3488|#82MostDiscussedMovieof2001
3489|#52BestMovieof2003
3490|#69MostDiscussedMovieof2014
3491|#66MostSharedMovieof2014
3492|#81MostDiscussedMovieof2016
3493|#25BestMovieof2010
3494|#10MostSharedMovieof2015
3495|#60BestMovieof2013
3496|#12BestMovieof2006
3497|#75BestMovieof2001
3498|#48BestMovieof2001
3499|#33BestMovieof2020
3500|#59BestMovieof2017
3501|#99MostDiscussedMovieof2013
3502|#91MostSharedMovieof2013
3503|#85MostDiscussedMovieof2003
3504|#77MostSharedMovieof2003
3505|#92MostDiscussedMovieof2018
3506|#65MostDiscussedMovieof2006
3507|#85MostSharedMovieof2006
3508|#80MostDiscussedMovieof2020
3509|#92MostSharedMovieof2018
3510|#48MostDiscussedMovieof2018
3511|#92BestMovieof2003
3512|#29MostDiscussedMovieof2013
3513|#57MostSharedMovieof2013
3514|#4MostDiscussedMovieof2013
3515|#28MostSharedMovieof2013
3516|#30MostDiscussedMovieof2018
3517|#20MostSharedMovieof2018
3518|#94BestMovieof2015
3519|#66MostDiscussedMovieof2015
3520|#19BestMovieof2018
3521|#57MostDiscussedMovieof2018
3522|#23MostSharedMovieof2018
3523|#81MostSharedMovieof2002
3524|#15BestMovieof2019
3525|#72MostDiscussedMovieof2013
3526|#39BestMovieof2003
3527|#40BestMovieof2020
3528|#34MostDiscussedMovieof2020
3529|#81MostDiscussedMovieof2015
3530|#45MostSharedMovieof2015
3531|#28MostDiscussedMovieof2009
3532|#47MostSharedMovieof2009
3533|#47BestMovieof2001
3534|#25MostDiscussedMovieof2002
3535|#67MostSharedMovieof2002
3536|#1BestMovieof2006
3537|#1MostDiscussedMovieof2006
3538|#4MostSharedMovieof2006
3539|#79MostDiscussedMovieof2015
3540|#34BestMovieof2007
3541|#79MostSharedMovieof2007
3542|#66BestMovieof2013
3543|#11BestMovieof2000
3544|#17BestMovieof2021
3545|#19BestMovieof2008
3546|#10MostDiscussedMovieof2009
3547|#40MostSharedMovieof2009
3548|#37MostDiscussedMovieof2010
3549|#60MostDiscussedMovieof2011
3550|#70MostDiscussedMovieof2012
3551|#85MostDiscussedMovieof2014
3552|#67MostDiscussedMovieof2012
3553|#78MostSharedMovieof2012
3554|#1BestMovieof2019
3555|#11MostDiscussedMovieof2019
3556|#48MostSharedMovieof2019
3557|#44BestMovieof2011
3558|#96MostSharedMovieof2013
3559|#88BestMovieof2010
3560|#17BestMovieof2014
3561|#32MostSharedMovieof2008
3562|#22MostDiscussedMovieof2016
3563|#36MostSharedMovieof2016
3564|#35BestMovieof2021
3565|#15BestMovieof2009
3566|#9BestMovieof2016
3567|#8BestMovieof2016
3568|#70BestMovieof2012
3569|#42MostDiscussedMovieof2011
3570|#69MostSharedMovieof2011
3571|#86MostSharedMovieof2018
3572|#41MostDiscussedMovieof2009
3573|#35MostSharedMovieof2009
3574|#52MostDiscussedMovieof2015
3575|#99BestMovieof2002
3576|#64BestMovieof2013
3577|#75MostDiscussedMovieof2000
3578|#51MostSharedMovieof2000
3579|#42MostDiscussedMovieof2003
3580|#95MostSharedMovieof2003
3581|#23MostDiscussedMovieof2001
3582|#31MostSharedMovieof2001
3583|#97BestMovieof2002
3584|#98MostDiscussedMovieof2014
3585|#94MostDiscussedMovieof2018
3586|#70MostDiscussedMovieof2013
3587|#92MostSharedMovieof2013
3588|#28MostDiscussedMovieof2010
3589|#46MostSharedMovieof2010
3590|#68MostSharedMovieof2012
3591|#56MostSharedMovieof2007
3592|#83MostDiscussedMovieof2006
3593|#15MostSharedMovieof2006
3594|#6BestMovieof2007
3595|#79MostDiscussedMovieof2007
3596|#95MostSharedMovieof2007
3597|#95BestMovieof2002
3598|#60BestMovieof2016
3599|#49MostDiscussedMovieof2019
3600|#19MostSharedMovieof2019
3601|#30BestMovieof2007
3602|#61BestMovieof2016
3603|#54MostDiscussedMovieof2003
3604|#60MostSharedMovieof2003
3605|#38MostSharedMovieof2018
3606|#4BestMovieof2021
3607|#100BestMovieof2008
3608|#8BestMovieof2017
3609|#49MostDiscussedMovieof2017
3610|#30MostSharedMovieof2017
3611|#95BestMovieof2011
3612|#75BestMovieof2013
3613|#14BestMovieof2015
3614|#30MostDiscussedMovieof2003
3615|#45BestMovieof2012
3616|#83MostDiscussedMovieof2020
3617|#99BestMovieof2003
3618|#65BestMovieof2021
3619|#50MostDiscussedMovieof2021
3620|#25BestMovieof2011
3621|#24MostDiscussedMovieof2008
3622|#80MostSharedMovieof2008
3623|#46MostDiscussedMovieof2010
3624|#66MostSharedMovieof2010
3625|#84MostDiscussedMovieof2012
3626|#94MostSharedMovieof2012
3627|#97MostDiscussedMovieof2009
3628|#8MostDiscussedMovieof2007
3629|#21MostSharedMovieof2007
3630|#5MostDiscussedMovieof2006
3631|#35MostSharedMovieof2006
3632|#28MostDiscussedMovieof2017
3633|#21MostSharedMovieof2017
3634|#13MostDiscussedMovieof2011
3635|#54MostSharedMovieof2011
3636|#3MostDiscussedMovieof2003
3637|#23MostSharedMovieof2003
3638|#53BestMovieof2003
3639|#7MostDiscussedMovieof2000
3640|#57MostSharedMovieof2000
3641|#58MostDiscussedMovieof2012
3642|#18MostSharedMovieof2012
3643|#54MostDiscussedMovieof2015
3644|#97MostDiscussedMovieof2017
3645|#23MostDiscussedMovieof2015
3646|#82MostSharedMovieof2015
3647|#60BestMovieof2000
3648|#84MostDiscussedMovieof2013
3649|#65MostSharedMovieof2013
3650|#85MostDiscussedMovieof2009
3651|#95BestMovieof2012
3652|#28MostDiscussedMovieof2001
3653|#41MostSharedMovieof2001
3654|#46BestMovieof2010
3655|#97MostSharedMovieof2010
3656|#7BestMovieof2011
3657|#78BestMovieof2011
3658|#60MostSharedMovieof2015
3659|#44MostDiscussedMovieof2001
3660|#42MostSharedMovieof2001
3661|#57MostDiscussedMovieof2002
3662|#20MostDiscussedMovieof2019
3663|#11MostSharedMovieof2019
3664|#76MostDiscussedMovieof2003
3665|#30MostDiscussedMovieof2000
3666|#41MostSharedMovieof2000
3667|#75MostSharedMovieof2000
3668|#45MostDiscussedMovieof2019
3669|#39BestMovieof2009
3670|#90BestMovieof2018
3671|#64BestMovieof2014
3672|#81BestMovieof2012
3673|#34BestMovieof2000
3674|#53MostDiscussedMovieof2015
3675|#84MostDiscussedMovieof2014
3676|#90MostSharedMovieof2009
3677|#10BestMovieof2009
3678|#39MostDiscussedMovieof2009
3679|#52MostSharedMovieof2009
3680|#77MostDiscussedMovieof2003
3681|#7MostSharedMovieof2003
3682|#70MostSharedMovieof2001
3683|#83MostDiscussedMovieof2016
3684|#46MostSharedMovieof2001
3685|#2BestMovieof2019
3686|#70MostDiscussedMovieof2019
3687|#75MostDiscussedMovieof2006
3688|#98MostDiscussedMovieof2008
3689|#54BestMovieof2003
3690|#27BestMovieof2000
3691|#49BestMovieof2008
3692|#83BestMovieof2021
3693|#50BestMovieof2009
3694|#59MostDiscussedMovieof2009
3695|#30MostSharedMovieof2009
3696|#31MostDiscussedMovieof2010
3697|#88MostSharedMovieof2010
3698|#75MostDiscussedMovieof2015
3699|#54BestMovieof2020
3700|#79MostDiscussedMovieof2012
3701|#93BestMovieof2016
3702|#96BestMovieof2009
3703|#75BestMovieof2008
3704|#61BestMovieof2014
3705|#20BestMovieof2005
3706|#13MostDiscussedMovieof2005
3707|#20MostSharedMovieof2005
3708|#65MostDiscussedMovieof2011
3709|#84MostSharedMovieof2011
3710|#92MostDiscussedMovieof2005
3711|#17MostSharedMovieof2005
3712|#46MostDiscussedMovieof2004
3713|#56MostSharedMovieof2004
3714|#19MostDiscussedMovieof2010
3715|#72MostSharedMovieof2010
3716|#93BestMovieof2003
3717|#23MostDiscussedMovieof2013
3718|#35MostSharedMovieof2013
3719|#64MostSharedMovieof2005
3720|#52BestMovieof2007
3721|#50BestMovieof2018
3722|#43BestMovieof2007
3723|#9BestMovieof2021
3724|#71BestMovieof2010
3725|#2MostSharedMovieof2021
3726|#83MostDiscussedMovieof2015
3727|#24BestMovieof2011
3728|#42MostDiscussedMovieof2020
3729|#45MostDiscussedMovieof2012
3730|#24MostSharedMovieof2012
3731|#80MostSharedMovieof2011
3732|#89MostDiscussedMovieof2008
3733|#94MostSharedMovieof2008
3734|#4MostDiscussedMovieof2012
3735|#6MostSharedMovieof2012
3736|#29BestMovieof2002
3737|#22MostDiscussedMovieof2020
3738|#96MostDiscussedMovieof2000
3739|#57MostSharedMovieof2018
3740|#68MostDiscussedMovieof2007
3741|#11MostSharedMovieof2007
3742|#29MostDiscussedMovieof2009
3743|#34MostSharedMovieof2009
3744|#91MostSharedMovieof2006
3745|#39BestMovieof2002
3746|#20MostDiscussedMovieof2002
3747|#38MostSharedMovieof2002
3748|#70MostDiscussedMovieof2008
3749|#97MostSharedMovieof2008
3750|#59MostSharedMovieof2001
3751|#72MostDiscussedMovieof2009
3752|#65MostSharedMovieof2009
3753|#44BestMovieof2006
3754|#100BestMovieof2006
3755|#61MostDiscussedMovieof2011
3756|#74MostSharedMovieof2011
3757|#48BestMovieof2011
3758|#8MostDiscussedMovieof2008
3759|#42MostSharedMovieof2008
3760|#69MostDiscussedMovieof2008
3761|#93BestMovieof2015
3762|#52MostDiscussedMovieof2002
3763|#68MostSharedMovieof2002
3764|#89MostDiscussedMovieof2019
3765|#13BestMovieof2017
3766|#86BestMovieof2000
3767|#92MostSharedMovieof2000
3768|#13BestMovieof2000
3769|#93BestMovieof2006
3770|#1BestMovieof2021
3771|#99MostDiscussedMovieof2021
3772|#10MostSharedMovieof2011
3773|#59BestMovieof2010
3774|#31BestMovieof2002
3775|#99MostSharedMovieof2009
3776|#28BestMovieof2008
3777|#27MostDiscussedMovieof2008
3778|#100MostSharedMovieof2008
3779|#45BestMovieof2010
3780|#92BestMovieof2002
3781|#100MostDiscussedMovieof2004
3782|#19BestMovieof2003
3783|#76BestMovieof2004
3784|#26MostDiscussedMovieof2018
3785|#18MostDiscussedMovieof2008
3786|#14MostSharedMovieof2008
3787|#27MostDiscussedMovieof2019
3788|#45MostDiscussedMovieof2018
3789|#12MostSharedMovieof2018
3790|#41BestMovieof2016
3791|#88BestMovieof2003
3792|#68BestMovieof2011
3793|#26MostDiscussedMovieof2011
3794|#20MostSharedMovieof2011
3795|#22MostSharedMovieof2001
3796|#49BestMovieof2017
3797|#76MostDiscussedMovieof2001
3798|#53MostSharedMovieof2001
3799|#2BestMovieof2007
3800|#6MostDiscussedMovieof2007
3801|#9MostSharedMovieof2007
3802|#39BestMovieof2000
3803|#50MostDiscussedMovieof2016
3804|#66BestMovieof2017
3805|#96MostDiscussedMovieof2017
3806|#86MostSharedMovieof2017
3807|#93BestMovieof2004
3808|#82MostDiscussedMovieof2004
3809|#62MostSharedMovieof2004
3810|#65BestMovieof2019
3811|#27MostDiscussedMovieof2021
3812|#23BestMovieof2002
3813|#61MostDiscussedMovieof2019
3814|#8MostDiscussedMovieof2018
3815|#4MostSharedMovieof2018
3816|#87MostDiscussedMovieof2000
3817|#44MostDiscussedMovieof2011
3818|#51MostSharedMovieof2011
3819|#91BestMovieof2002
3820|#87BestMovieof2013
3821|#58BestMovieof2011
3822|#52MostDiscussedMovieof2010
3823|#34MostSharedMovieof2010
3824|#86MostSharedMovieof2013
3825|#36BestMovieof2014
3826|#84BestMovieof2009
3827|#66MostDiscussedMovieof2012
3828|#74MostSharedMovieof2012
3829|#40MostDiscussedMovieof2002
3830|#62MostSharedMovieof2002
3831|#36MostDiscussedMovieof2005
3832|#59MostSharedMovieof2005
3833|#41MostSharedMovieof2019
3834|#75BestMovieof2004
3835|#28MostDiscussedMovieof2021
3836|#27MostDiscussedMovieof2000
3837|#7MostSharedMovieof2000
3838|#90MostDiscussedMovieof2011
3839|#54BestMovieof2009
3840|#79BestMovieof2007
3841|#76BestMovieof2002
3842|#35MostDiscussedMovieof2018
3843|#18MostSharedMovieof2018
3844|#100MostSharedMovieof2011
3845|#92MostDiscussedMovieof2012
3846|#98BestMovieof2008
3847|#57BestMovieof2007
3848|#77MostDiscussedMovieof2002
3849|#71MostSharedMovieof2002
3850|#84MostDiscussedMovieof2007
3851|#88MostSharedMovieof2000
3852|#98BestMovieof2011
3853|#45BestMovieof2019
3854|#99BestMovieof2020
3855|#50MostDiscussedMovieof2008
3856|#56MostDiscussedMovieof2010
3857|#20MostSharedMovieof2010
3858|#29MostDiscussedMovieof2000
3859|#27MostSharedMovieof2000
3860|#73MostDiscussedMovieof2021
3861|#25MostDiscussedMovieof2005
3862|#100MostSharedMovieof2005
3863|#62MostDiscussedMovieof2008
3864|#43BestMovieof2008
3865|#29BestMovieof2006
3866|#2MostDiscussedMovieof2000
3867|#5MostSharedMovieof2000
3868|#50BestMovieof2007
3869|#98MostDiscussedMovieof2007
3870|#55MostSharedMovieof2007
3871|#8MostDiscussedMovieof2002
3872|#26MostSharedMovieof2002
3873|#34MostDiscussedMovieof2010
3874|#26MostDiscussedMovieof2004
3875|#97MostSharedMovieof2004
3876|#56MostDiscussedMovieof2007
3877|#99MostSharedMovieof2007
3878|#39MostDiscussedMovieof2012
3879|#37MostSharedMovieof2012
3880|#57MostDiscussedMovieof2017
3881|#47MostSharedMovieof2017
3882|#23MostDiscussedMovieof2021
3883|#43BestMovieof2020
3884|#86MostDiscussedMovieof2021
3885|#15BestMovieof2017
3886|#16BestMovieof2010
3887|#89MostSharedMovieof2010
3888|#84MostSharedMovieof2015
3889|#16BestMovieof2009
3890|#66BestMovieof2018
3891|#79MostDiscussedMovieof2018
3892|#56MostSharedMovieof2018
3893|#78BestMovieof2014
3894|#94BestMovieof2008
3895|#56MostDiscussedMovieof2008
3896|#47MostSharedMovieof2008
3897|#17BestMovieof2020
3898|#14MostSharedMovieof2020
3899|#95MostDiscussedMovieof2019
3900|#45MostDiscussedMovieof2013
3901|#97MostSharedMovieof2013
3902|#79MostDiscussedMovieof2014
3903|#94MostSharedMovieof2014
3904|#76BestMovieof2021
3905|#89BestMovieof2006
3906|#34BestMovieof2004
3907|#57BestMovieof2016
3908|#99MostSharedMovieof2017
3909|#51MostDiscussedMovieof2011
3910|#29MostSharedMovieof2011
3911|#90MostDiscussedMovieof2014
3912|#81MostSharedMovieof2014
3913|#78MostDiscussedMovieof2013
3914|#71MostDiscussedMovieof2012
3915|#82MostSharedMovieof2012
3916|#9MostDiscussedMovieof2011
3917|#34MostSharedMovieof2011
3918|#21BestMovieof2002
3919|#73BestMovieof2005
3920|#78BestMovieof2002
3921|#19MostDiscussedMovieof2002
3922|#76MostSharedMovieof2002
3923|#62MostDiscussedMovieof2000
3924|#54MostSharedMovieof2000
3925|#96BestMovieof2021
3926|#23MostDiscussedMovieof2010
3927|#79MostSharedMovieof2010
3928|#68MostDiscussedMovieof2018
3929|#26MostDiscussedMovieof2014
3930|#96MostDiscussedMovieof2005
3931|#78MostSharedMovieof2005
3932|#18BestMovieof2002
3933|#80MostDiscussedMovieof2012
3934|#86MostSharedMovieof2012
3935|#94MostSharedMovieof2001
3936|#79MostSharedMovieof2015
3937|#88BestMovieof2007
3938|#37MostDiscussedMovieof2019
3939|#27MostSharedMovieof2019
3940|#71MostDiscussedMovieof2008
3941|#3BestMovieof2021
3942|#70BestMovieof2014
3943|#21MostDiscussedMovieof2006
3944|#89MostSharedMovieof2006
3945|#56BestMovieof2002
3946|#3MostDiscussedMovieof2016
3947|#13MostSharedMovieof2016
3948|#79MostDiscussedMovieof2008
3949|#40BestMovieof2019
3950|#94MostDiscussedMovieof2002
3951|#19BestMovieof2019
3952|#1BestMovieof2018
3953|#24MostDiscussedMovieof2018
3954|#61MostSharedMovieof2018
3955|#86BestMovieof2008
3956|#51BestMovieof2008
3957|#68MostDiscussedMovieof2000
3958|#55MostSharedMovieof2000
3959|#100MostDiscussedMovieof2021
3960|#24BestMovieof2015
3961|#42MostDiscussedMovieof2015
3962|#9MostSharedMovieof2015
3963|#47BestMovieof2013
3964|#50BestMovieof2021
3965|#39BestMovieof2019
3966|#95MostSharedMovieof2017
3967|#75MostSharedMovieof2011
3968|#83MostDiscussedMovieof2003
3969|#40MostDiscussedMovieof2000
3970|#31MostSharedMovieof2005
3971|#99MostDiscussedMovieof2020
3972|#86MostDiscussedMovieof2015
3973|#85MostDiscussedMovieof2006
3974|#62MostSharedMovieof2006
3975|#48MostDiscussedMovieof2013
3976|#80MostSharedMovieof2013
3977|#40MostDiscussedMovieof2001
3978|#84MostSharedMovieof2001
3979|#94MostDiscussedMovieof2007
3980|#100MostSharedMovieof2007
3981|#7BestMovieof2002
3982|#95MostDiscussedMovieof2002
3983|#86BestMovieof2012
3984|#95BestMovieof2018
3985|#71BestMovieof2004
3986|#37MostDiscussedMovieof2017
3987|#36MostSharedMovieof2017
3988|#27BestMovieof2021
3989|#22BestMovieof2002
3990|#63MostDiscussedMovieof2012
3991|#63MostSharedMovieof2012
3992|#98MostDiscussedMovieof2012
3993|#85MostDiscussedMovieof2005
3994|#57MostSharedMovieof2005
3995|#37BestMovieof2020
3996|#53BestMovieof2021
3997|#15MostDiscussedMovieof2010
3998|#71MostSharedMovieof2010
3999|#85BestMovieof2017
4000|#83MostSharedMovieof2012
4001|#66BestMovieof2010
4002|#30MostDiscussedMovieof2015
4003|#71MostSharedMovieof2015
4004|#36BestMovieof2005
4005|#64BestMovieof2021
4006|#19MostDiscussedMovieof2016
4007|#26MostSharedMovieof2016
4008|#81MostSharedMovieof2008
4009|#74MostDiscussedMovieof2012
4010|#100MostSharedMovieof2012
4011|#81MostDiscussedMovieof2001
4012|#2MostSharedMovieof2004
4013|#75MostDiscussedMovieof2013
4014|#53MostSharedMovieof2013
4015|#94MostDiscussedMovieof2001
4016|#4MostDiscussedMovieof2004
4017|#13MostSharedMovieof2004
4018|#49MostDiscussedMovieof2010
4019|#53MostSharedMovieof2010
4020|#21MostDiscussedMovieof2005
4021|#45MostSharedMovieof2005
4022|#43MostDiscussedMovieof2006
4023|#53MostDiscussedMovieof2007
4024|#48MostDiscussedMovieof2008
4025|#79MostSharedMovieof2008
4026|#60MostDiscussedMovieof2009
4027|#70MostSharedMovieof2002
4028|#12MostDiscussedMovieof2000
4029|#17MostSharedMovieof2000
4030|#25MostDiscussedMovieof2001
4031|#54MostSharedMovieof2001
4032|#27MostDiscussedMovieof2003
4033|#57MostDiscussedMovieof2006
4034|#47MostDiscussedMovieof2013
4035|#68MostDiscussedMovieof2019
4036|#73MostSharedMovieof2019
4037|#23BestMovieof2003
4038|#20MostDiscussedMovieof2003
4039|#64MostSharedMovieof2003
4040|#83BestMovieof2018
4041|#30MostDiscussedMovieof2020
4042|#13MostSharedMovieof2020
4043|#23MostDiscussedMovieof2002
4044|#16MostSharedMovieof2002
4045|#63MostDiscussedMovieof2004
4046|#5MostDiscussedMovieof2010
4047|#25MostSharedMovieof2010
4048|#65BestMovieof2001
4049|#64MostSharedMovieof2015
4050|#48BestMovieof2002
4051|#11MostDiscussedMovieof2000
4052|#91MostSharedMovieof2000
4053|#34MostDiscussedMovieof2011
4054|#100MostDiscussedMovieof2000
4055|#74BestMovieof2003
4056|#82MostDiscussedMovieof2003
4057|#38MostDiscussedMovieof2018
4058|#73MostSharedMovieof2018
4059|#50BestMovieof2012
4060|#78MostSharedMovieof2003
4061|#59BestMovieof2002
4062|#78MostSharedMovieof2015
4063|#79BestMovieof2003
4064|#76MostDiscussedMovieof2004
4065|#85MostDiscussedMovieof2002
4066|#12MostSharedMovieof2002
4067|#67BestMovieof2013
4068|#87MostDiscussedMovieof2004
4069|#36MostSharedMovieof2004
4070|#91MostDiscussedMovieof2012
4071|#80MostSharedMovieof2012
4072|#82MostDiscussedMovieof2015
4073|#58BestMovieof2014
4074|#55MostDiscussedMovieof2014
4075|#20MostSharedMovieof2014
4076|#84MostDiscussedMovieof2008
4077|#43BestMovieof2011
4078|#17BestMovieof2009
4079|#77MostSharedMovieof2015
4080|#88MostDiscussedMovieof2001
4081|#73MostSharedMovieof2001
4082|#75BestMovieof2005
4083|#7MostDiscussedMovieof2005
4084|#37MostSharedMovieof2005
4085|#62MostSharedMovieof2019
4086|#7BestMovieof2004
4087|#86MostSharedMovieof2004
4088|#60BestMovieof2009
4089|#55MostDiscussedMovieof2001
4090|#20BestMovieof2000
4091|#29MostDiscussedMovieof2008
4092|#28MostSharedMovieof2008
4093|#54MostDiscussedMovieof2012
4094|#75MostSharedMovieof2012
4095|#99MostDiscussedMovieof2015
4096|#25MostSharedMovieof2008
4097|#5MostSharedMovieof2002
4098|#37MostDiscussedMovieof2008
4099|#1MostSharedMovieof2008
4100|#75MostDiscussedMovieof2010
4101|#1MostSharedMovieof2010
4102|#18MostSharedMovieof2008
4103|#18MostSharedMovieof2004
4104|#99MostDiscussedMovieof2014
4105|#3MostSharedMovieof2014
4106|#90MostSharedMovieof2000
4107|#34BestMovieof2001
4108|#50MostDiscussedMovieof2001
4109|#1MostSharedMovieof2001
4110|#37BestMovieof2015
4111|#57BestMovieof2019
4112|#29MostSharedMovieof2019
4113|#89BestMovieof2000
4114|#49MostDiscussedMovieof2021
4115|#84BestMovieof2000
4116|#61MostDiscussedMovieof2000
4117|#82MostSharedMovieof2000
4118|#92MostDiscussedMovieof2019
4119|#30BestMovieof2005
4120|#67BestMovieof2006
4121|#45MostSharedMovieof2001
4122|#81MostDiscussedMovieof2011
4123|#42MostSharedMovieof2011
4124|#12MostDiscussedMovieof2021
4125|#37BestMovieof2000
4126|#55MostDiscussedMovieof2000
4127|#83MostSharedMovieof2000
4128|#38MostSharedMovieof2003
4129|#33MostDiscussedMovieof2004
4130|#38MostSharedMovieof2004
4131|#70BestMovieof2003
4132|#56BestMovieof2004
4133|#7MostDiscussedMovieof2004
4134|#43MostSharedMovieof2004
4135|#53BestMovieof2015
4136|#98MostDiscussedMovieof2015
4137|#61MostSharedMovieof2015
4138|#13MostDiscussedMovieof2019
4139|#6MostSharedMovieof2019
4140|#58BestMovieof2020
4141|#18MostDiscussedMovieof2009
4142|#36MostSharedMovieof2009
4143|#27MostDiscussedMovieof2011
4144|#4BestMovieof2015
4145|#55BestMovieof2014
4146|#86MostDiscussedMovieof2010
4147|#86MostSharedMovieof2006
4148|#55BestMovieof2008
4149|#24BestMovieof2018
4150|#97BestMovieof2021
4151|#4BestMovieof2018
4152|#52BestMovieof2011
4153|#61MostDiscussedMovieof2007
4154|#74MostSharedMovieof2007
4155|#64MostDiscussedMovieof2007
4156|#20MostSharedMovieof2007
4157|#71MostDiscussedMovieof2005
4158|#3BestMovieof2018
4159|#91MostDiscussedMovieof2018
4160|#32BestMovieof2013
4161|#7MostSharedMovieof2013
4162|#8MostSharedMovieof2006
4163|#62BestMovieof2002
4164|#56BestMovieof2008
4165|#46MostSharedMovieof2006
4166|#94BestMovieof2007
4167|#61BestMovieof2000
4168|#18BestMovieof2001
4169|#4MostDiscussedMovieof2001
4170|#6MostSharedMovieof2001
4171|#64BestMovieof2004
4172|#12MostDiscussedMovieof2004
4173|#50MostSharedMovieof2004
4174|#44MostDiscussedMovieof2010
4175|#58MostSharedMovieof2010
4176|#38MostDiscussedMovieof2007
4177|#92MostSharedMovieof2007
4178|#47BestMovieof2006
4179|#83MostSharedMovieof2008
4180|#9MostDiscussedMovieof2010
4181|#5MostSharedMovieof2010
4182|#48BestMovieof2015
4183|#18MostDiscussedMovieof2015
4184|#8MostSharedMovieof2015
4185|#54MostDiscussedMovieof2018
4186|#45MostSharedMovieof2018
4187|#68BestMovieof2007
4188|#36MostDiscussedMovieof2007
4189|#32BestMovieof2002
4190|#29BestMovieof2012
4191|#98BestMovieof2013
4192|#65MostDiscussedMovieof2013
4193|#59MostSharedMovieof2013
4194|#1BestMovieof2004
4195|#6MostDiscussedMovieof2004
4196|#11MostSharedMovieof2004
4197|#56BestMovieof2017
4198|#14MostDiscussedMovieof2002
4199|#11MostSharedMovieof2002
4200|#67BestMovieof2016
4201|#64MostDiscussedMovieof2016
4202|#70MostSharedMovieof2016
4203|#10MostDiscussedMovieof2006
4204|#19MostSharedMovieof2006
4205|#33MostDiscussedMovieof2012
4206|#40MostSharedMovieof2012
4207|#48BestMovieof2009
4208|#61BestMovieof2011
4209|#37BestMovieof2012
4210|#19MostDiscussedMovieof2012
4211|#27MostSharedMovieof2012
4212|#81BestMovieof2005
4213|#19MostDiscussedMovieof2005
4214|#39MostSharedMovieof2005
4215|#63MostDiscussedMovieof2014
4216|#64MostSharedMovieof2014
4217|#58BestMovieof2009
4218|#79MostSharedMovieof2009
4219|#99MostDiscussedMovieof2003
4220|#80MostSharedMovieof2003
4221|#17BestMovieof2004
4222|#62MostDiscussedMovieof2016
4223|#49MostSharedMovieof2016
4224|#79MostDiscussedMovieof2021
4225|#3MostSharedMovieof2021
4226|#72BestMovieof2016
4227|#86MostDiscussedMovieof2016
4228|#100BestMovieof2012
4229|#96MostDiscussedMovieof2015
4230|#35MostDiscussedMovieof2012
4231|#55MostSharedMovieof2012
4232|#75BestMovieof2006
4233|#32BestMovieof2012
4234|#100MostDiscussedMovieof2015
4235|#47MostSharedMovieof2015
4236|#66BestMovieof2021
4237|#2BestMovieof2009
4238|#95MostDiscussedMovieof2004
4239|#85MostSharedMovieof2004
4240|#62MostSharedMovieof2005
4241|#34BestMovieof2012
4242|#7MostDiscussedMovieof2012
4243|#10MostSharedMovieof2012
4244|#30MostDiscussedMovieof2010
4245|#87MostSharedMovieof2010
4246|#56MostDiscussedMovieof2018
4247|#6MostSharedMovieof2018
4248|#66MostSharedMovieof2011
4249|#72BestMovieof2012
4250|#58MostSharedMovieof2004
4251|#66MostDiscussedMovieof2018
4252|#80MostDiscussedMovieof2006
4253|#69MostSharedMovieof2006
4254|#9BestMovieof2008
4255|#12MostDiscussedMovieof2008
4256|#6MostSharedMovieof2008
4257|#100BestMovieof2020
4258|#16BestMovieof2020
4259|#1BestMovieof2020
4260|#8BestMovieof2020
4261|#29BestMovieof2020
4262|#97BestMovieof2000
4263|#94MostDiscussedMovieof2003
4264|#88MostDiscussedMovieof2007
4265|#45MostSharedMovieof2007
4266|#77MostDiscussedMovieof2021
4267|#23MostDiscussedMovieof2006
4268|#47MostSharedMovieof2006
4269|#12MostDiscussedMovieof2001
4270|#21MostSharedMovieof2001
4271|#85MostSharedMovieof2017
4272|#21MostDiscussedMovieof2012
4273|#23MostSharedMovieof2012
4274|#96MostDiscussedMovieof2016
4275|#31BestMovieof2014
4276|#20MostDiscussedMovieof2014
4277|#21MostSharedMovieof2014
4278|#51MostSharedMovieof2003
4279|#39BestMovieof2006
4280|#49BestMovieof2001
4281|#48BestMovieof2019
4282|#50MostDiscussedMovieof2002
4283|#29MostSharedMovieof2002
4284|#53BestMovieof2000
4285|#3MostDiscussedMovieof2018
4286|#17MostSharedMovieof2018
4287|#60MostSharedMovieof2012
4288|#59BestMovieof2009
4289|#81BestMovieof2006
4290|#78BestMovieof2013
4291|#86MostSharedMovieof2003
4292|#85MostSharedMovieof2010
4293|#46BestMovieof2004
4294|#8BestMovieof2015
4295|#91MostSharedMovieof2015
4296|#66MostDiscussedMovieof2005
4297|#36MostSharedMovieof2005
4298|#26BestMovieof2014
4299|#46BestMovieof2002
4300|#5MostDiscussedMovieof2020
4301|#4MostSharedMovieof2020
4302|#57BestMovieof2006
4303|#70BestMovieof2018
4304|#50MostDiscussedMovieof2018
4305|#87MostSharedMovieof2018
4306|#45BestMovieof2020
4307|#35BestMovieof2020
4308|#9MostDiscussedMovieof2020
4309|#57BestMovieof2010
4310|#65BestMovieof2009
4311|#10BestMovieof2000
4312|#92BestMovieof2013
4313|#46BestMovieof2020
4314|#51MostDiscussedMovieof2020
4315|#97MostSharedMovieof2012
4316|#87BestMovieof2011
4317|#20MostDiscussedMovieof2011
4318|#41MostSharedMovieof2011
4319|#45BestMovieof2001
4320|#81MostDiscussedMovieof2007
4321|#61MostDiscussedMovieof2015
4322|#97MostSharedMovieof2015
4323|#70BestMovieof2000
4324|#18MostDiscussedMovieof2021
4325|#86MostDiscussedMovieof2004
4326|#75MostSharedMovieof2004
4327|#84MostSharedMovieof2012
4328|#11MostDiscussedMovieof2015
4329|#15MostSharedMovieof2015
4330|#11MostDiscussedMovieof2008
4331|#88MostSharedMovieof2008
4332|#33BestMovieof2003
4333|#26MostDiscussedMovieof2021
4334|#20BestMovieof2002
4335|#40MostSharedMovieof2002
4336|#74BestMovieof2002
4337|#1MostDiscussedMovieof2002
4338|#2MostSharedMovieof2002
4339|#20BestMovieof2004
4340|#1MostDiscussedMovieof2004
4341|#1MostSharedMovieof2004
4342|#2MostDiscussedMovieof2007
4343|#3MostSharedMovieof2007
4344|#7MostDiscussedMovieof2019
4345|#10MostSharedMovieof2019
4346|#9MostDiscussedMovieof2017
4347|#11MostSharedMovieof2017
4348|#32BestMovieof2018
4349|#5MostDiscussedMovieof2018
4350|#90MostSharedMovieof2018
4351|#2MostDiscussedMovieof2021
4352|#94MostDiscussedMovieof2019
4353|#67MostDiscussedMovieof2021
4354|#34MostDiscussedMovieof2002
4355|#32MostSharedMovieof2002
4356|#1BestMovieof2002
4357|#3MostDiscussedMovieof2002
4358|#6MostSharedMovieof2002
4359|#60MostDiscussedMovieof2010
4360|#32MostDiscussedMovieof2017
4361|#23MostSharedMovieof2017
4362|#84BestMovieof2020
4363|#5MostSharedMovieof2021
4364|#5BestMovieof2015
4365|#24MostDiscussedMovieof2015
4366|#19MostSharedMovieof2015
4367|#44MostDiscussedMovieof2013
4368|#20MostSharedMovieof2013
4369|#21BestMovieof2000
4370|#15BestMovieof2004
4371|#13BestMovieof2004
4372|#82MostSharedMovieof2003
4373|#96MostDiscussedMovieof2020
4374|#27MostDiscussedMovieof2015
4375|#89MostSharedMovieof2015
4376|#87MostDiscussedMovieof2001
4377|#83MostSharedMovieof2001
4378|#85BestMovieof2001
4379|#36MostDiscussedMovieof2001
4380|#74MostSharedMovieof2001
4381|#45MostDiscussedMovieof2002
4382|#39MostDiscussedMovieof2003
4383|#77MostDiscussedMovieof2014
4384|#72MostSharedMovieof2014
4385|#20BestMovieof2014
4386|#87BestMovieof2008
4387|#53BestMovieof2002
4388|#29BestMovieof2009
4389|#5MostDiscussedMovieof2009
4390|#12MostSharedMovieof2009
4391|#13MostDiscussedMovieof2016
4392|#38MostSharedMovieof2016
4393|#5MostDiscussedMovieof2013
4394|#77MostSharedMovieof2013
4395|#55MostDiscussedMovieof2002
4396|#72MostSharedMovieof2002
4397|#2MostDiscussedMovieof2002
4398|#9MostSharedMovieof2002
4399|#3MostDiscussedMovieof2005
4400|#6MostSharedMovieof2005
4401|#2MostDiscussedMovieof2019
4402|#85MostSharedMovieof2019
4403|#68BestMovieof2015
4404|#1MostDiscussedMovieof2015
4405|#1MostSharedMovieof2015
4406|#42BestMovieof2017
4407|#1MostDiscussedMovieof2017
4408|#2MostSharedMovieof2017
4409|#39MostDiscussedMovieof2008
4410|#36MostSharedMovieof2008
4411|#48MostDiscussedMovieof2007
4412|#52MostSharedMovieof2007
4413|#39BestMovieof2017
4414|#85BestMovieof2012
4415|#52BestMovieof2014
4416|#44BestMovieof2007
4417|#59BestMovieof2001
4418|#92BestMovieof2016
4419|#45BestMovieof2000
4420|#71BestMovieof2021
4421|#77BestMovieof2006
4422|#96MostDiscussedMovieof2009
4423|#85MostSharedMovieof2002
4424|#68MostDiscussedMovieof2005
4425|#61BestMovieof2017
4426|#46MostDiscussedMovieof2008
4427|#22MostSharedMovieof2008
4428|#77BestMovieof2003
4429|#7MostSharedMovieof2006
4430|#90MostSharedMovieof2008
4431|#54BestMovieof2007
4432|#46BestMovieof2015
4433|#32MostDiscussedMovieof2015
4434|#55MostSharedMovieof2015
4435|#71BestMovieof2003
4436|#92MostDiscussedMovieof2014
4437|#32BestMovieof2008
4438|#4BestMovieof2009
4439|#89MostDiscussedMovieof2013
4440|#85MostSharedMovieof2013
4441|#77MostSharedMovieof2007
4442|#72BestMovieof2003
4443|#77BestMovieof2010
4444|#5BestMovieof2013
4445|#91MostSharedMovieof2002
4446|#58MostDiscussedMovieof2021
4447|#40MostDiscussedMovieof2015
4448|#29MostSharedMovieof2015
4449|#30BestMovieof2008
4450|#70BestMovieof2002
4451|#91MostDiscussedMovieof2008
4452|#42BestMovieof2014
4453|#54MostDiscussedMovieof2006
4454|#56MostSharedMovieof2006
4455|#45BestMovieof2021
4456|#76BestMovieof2015
4457|#32BestMovieof2014
4458|#17BestMovieof2006
4459|#91MostDiscussedMovieof2009
4460|#60BestMovieof2021
4461|#98BestMovieof2007
4462|#28BestMovieof2017
4463|#76MostDiscussedMovieof2002
4464|#88MostSharedMovieof2019
4465|#93BestMovieof2019
4466|#66BestMovieof2011
4467|#62BestMovieof2000
4468|#7MostDiscussedMovieof2011
4469|#17MostSharedMovieof2011
4470|#28BestMovieof2009
4471|#2MostDiscussedMovieof2016
4472|#7MostSharedMovieof2016
4473|#44MostDiscussedMovieof2016
4474|#73MostSharedMovieof2016
4475|#67BestMovieof2018
4476|#14BestMovieof2009
4477|#2BestMovieof2021
4478|#44BestMovieof2008
4479|#39BestMovieof2005
4480|#31MostDiscussedMovieof2007
4481|#29MostSharedMovieof2007
4482|#85BestMovieof2000
4483|#83MostDiscussedMovieof2002
4484|#96MostDiscussedMovieof2011
4485|#3MostSharedMovieof2011
4486|#8MostDiscussedMovieof2011
4487|#33MostSharedMovieof2011
4488|#87BestMovieof2004
4489|#66MostDiscussedMovieof2004
4490|#62MostDiscussedMovieof2002
4491|#34MostSharedMovieof2002
4492|#40MostSharedMovieof2018
4493|#79MostDiscussedMovieof2004
4494|#65MostSharedMovieof2004
4495|#60BestMovieof2007
4496|#16MostDiscussedMovieof2007
4497|#18MostSharedMovieof2007
4498|#87MostDiscussedMovieof2008
4499|#94BestMovieof2006
4500|#6MostDiscussedMovieof2006
4501|#1MostSharedMovieof2006
4502|#95MostDiscussedMovieof2000
4503|#39BestMovieof2018
4504|#86MostSharedMovieof2007
4505|#79BestMovieof2008
4506|#90MostDiscussedMovieof2009
4507|#98MostSharedMovieof2004
4508|#74MostDiscussedMovieof2018
4509|#44BestMovieof2000
4510|#74MostDiscussedMovieof2003
4511|#39MostSharedMovieof2003
4512|#23BestMovieof2007
4513|#15MostDiscussedMovieof2007
4514|#33MostSharedMovieof2007
4515|#22BestMovieof2018
4516|#35MostSharedMovieof2002
4517|#58BestMovieof2006
4518|#56MostDiscussedMovieof2001
4519|#75MostSharedMovieof2001
4520|#11BestMovieof2003
4521|#36BestMovieof2010
4522|#51MostDiscussedMovieof2002
4523|#87BestMovieof2002
4524|#91BestMovieof2003
4525|#91MostSharedMovieof2003
4526|#69MostDiscussedMovieof2016
4527|#72MostDiscussedMovieof2001
4528|#51MostSharedMovieof2001
4529|#45MostDiscussedMovieof2008
4530|#61MostSharedMovieof2008
4531|#33BestMovieof2019
4532|#58BestMovieof2005
4533|#10MostDiscussedMovieof2005
4534|#81MostSharedMovieof2017
4535|#80BestMovieof2011
4536|#46BestMovieof2000
4537|#53BestMovieof2012
4538|#88BestMovieof2002
4539|#99MostDiscussedMovieof2018
4540|#84MostSharedMovieof2018
4541|#71BestMovieof2006
4542|#16BestMovieof2011
4543|#76MostDiscussedMovieof2011
4544|#53MostSharedMovieof2011
4545|#17MostDiscussedMovieof2009
4546|#5MostSharedMovieof2009
4547|#46MostDiscussedMovieof2012
4548|#41MostSharedMovieof2012
4549|#50MostDiscussedMovieof2015
4550|#96MostSharedMovieof2015
4551|#61MostSharedMovieof2004
4552|#14MostSharedMovieof2003
4553|#29BestMovieof2014
4554|#9BestMovieof2002
4555|#92MostSharedMovieof2002
4556|#33MostDiscussedMovieof2006
4557|#66MostSharedMovieof2006
4558|#26BestMovieof2015
4559|#97BestMovieof2010
4560|#21MostDiscussedMovieof2010
4561|#7MostSharedMovieof2010
4562|#90BestMovieof2001
4563|#9BestMovieof2004
4564|#27BestMovieof2008
4565|#24BestMovieof2009
4566|#33BestMovieof2012
4567|#36BestMovieof2018
4568|#81BestMovieof2004
4569|#52MostDiscussedMovieof2004
4570|#53MostSharedMovieof2004
4571|#88MostDiscussedMovieof2003
4572|#8MostSharedMovieof2003
4573|#17MostDiscussedMovieof2012
4574|#30MostSharedMovieof2012
4575|#34MostDiscussedMovieof2015
4576|#72MostDiscussedMovieof2018
4577|#98MostSharedMovieof2018
4578|#23MostDiscussedMovieof2014
4579|#44MostSharedMovieof2014
4580|#42MostDiscussedMovieof2016
4581|#91MostSharedMovieof2016
4582|#8MostSharedMovieof2008
4583|#78MostSharedMovieof2019
4584|#23BestMovieof2008
4585|#93BestMovieof2005
4586|#100BestMovieof2017
4587|#10BestMovieof2003
4588|#54MostSharedMovieof2003
4589|#27BestMovieof2007
4590|#63MostDiscussedMovieof2006
4591|#7MostDiscussedMovieof2020
4592|#11MostDiscussedMovieof2003
4593|#12MostSharedMovieof2003
4594|#9MostDiscussedMovieof2019
4595|#10MostDiscussedMovieof2015
4596|#54MostSharedMovieof2015
4597|#12MostDiscussedMovieof2009
4598|#70MostSharedMovieof2009
4599|#72BestMovieof2010
4600|#61BestMovieof2007
4601|#74BestMovieof2021
4602|#83MostDiscussedMovieof2013
4603|#72MostDiscussedMovieof2006
4604|#40MostSharedMovieof2013
4605|#33MostSharedMovieof2014
4606|#72BestMovieof2009
4607|#64MostDiscussedMovieof2012
4608|#81MostSharedMovieof2012
4609|#97MostDiscussedMovieof2018
4610|#42MostSharedMovieof2018
4611|#74MostSharedMovieof2015
4612|#85BestMovieof2005
4613|#11MostDiscussedMovieof2005
4614|#54MostSharedMovieof2005
4615|#35MostDiscussedMovieof2016
4616|#63MostSharedMovieof2016
4617|#38MostDiscussedMovieof2000
4618|#35MostDiscussedMovieof2010
4619|#41MostDiscussedMovieof2016
4620|#52MostSharedMovieof2016
4621|#6BestMovieof2013
4622|#90MostDiscussedMovieof2019
4623|#49MostDiscussedMovieof2011
4624|#66MostDiscussedMovieof2002
4625|#99MostSharedMovieof2002
4626|#93MostDiscussedMovieof2000
4627|#46MostDiscussedMovieof2005
4628|#55MostSharedMovieof2005
4629|#30MostDiscussedMovieof2011
4630|#99MostSharedMovieof2011
4631|#93MostDiscussedMovieof2015
4632|#74BestMovieof2016
4633|#25BestMovieof2004
4634|#6MostDiscussedMovieof2012
4635|#4MostSharedMovieof2012
4636|#4MostDiscussedMovieof2014
4637|#10MostSharedMovieof2014
4638|#53MostDiscussedMovieof2010
4639|#56MostSharedMovieof2005
4640|#40MostDiscussedMovieof2016
4641|#53MostSharedMovieof2016
4642|#63BestMovieof2005
4643|#6BestMovieof2011
4644|#94BestMovieof2005
4645|#94MostDiscussedMovieof2005
4646|#53BestMovieof2010
4647|#74MostSharedMovieof2019
4648|#63BestMovieof2010
4649|#5BestMovieof2011
4650|#37MostDiscussedMovieof2011
4651|#4MostSharedMovieof2011
4652|#62BestMovieof2015
4653|#22MostSharedMovieof2015
4654|#60MostDiscussedMovieof2007
4655|#25MostSharedMovieof2007
4656|#74BestMovieof2020
4657|#90MostDiscussedMovieof2020
4658|#43BestMovieof2006
4659|#95BestMovieof2021
4660|#11BestMovieof2011
4661|#2MostDiscussedMovieof2012
4662|#3MostSharedMovieof2012
4663|#47BestMovieof2004
4664|#35MostDiscussedMovieof2004
4665|#92MostSharedMovieof2004
4666|#64BestMovieof2009
4667|#22BestMovieof2014
4668|#28MostDiscussedMovieof2014
4669|#8MostSharedMovieof2014
4670|#23MostSharedMovieof2008
4671|#85BestMovieof2018
4672|#69MostDiscussedMovieof2018
4673|#78BestMovieof2000
4674|#37BestMovieof2008
4675|#90BestMovieof2003
4676|#21MostDiscussedMovieof2000
4677|#26MostSharedMovieof2000
4678|#81MostSharedMovieof2019
4679|#9BestMovieof2009
4680|#70BestMovieof2005
4681|#87BestMovieof2020
4682|#84MostDiscussedMovieof2017
4683|#69MostSharedMovieof2017
4684|#61BestMovieof2002
4685|#69MostDiscussedMovieof2002
4686|#71MostDiscussedMovieof2006
4687|#99MostDiscussedMovieof2012
4688|#96MostSharedMovieof2012
4689|#55MostSharedMovieof2014
4690|#1BestMovieof2005
4691|#63MostDiscussedMovieof2005
4692|#86MostSharedMovieof2014
4693|#53BestMovieof2008
4694|#68MostDiscussedMovieof2016
4695|#48MostSharedMovieof2016
4696|#49BestMovieof2004
4697|#10BestMovieof2005
4698|#57BestMovieof2015
4699|#28MostDiscussedMovieof2015
4700|#28MostSharedMovieof2015
4701|#26BestMovieof2017
4702|#64MostDiscussedMovieof2017
4703|#53MostSharedMovieof2017
4704|#56MostDiscussedMovieof2006
4705|#77BestMovieof2015
4706|#93BestMovieof2011
4707|#32MostDiscussedMovieof2009
4708|#38MostSharedMovieof2009
4709|#63BestMovieof2004
4710|#100MostDiscussedMovieof2013
4711|#7BestMovieof2001
4712|#14BestMovieof2019
4713|#17MostDiscussedMovieof2010
4714|#67MostSharedMovieof2010
4715|#75MostSharedMovieof2014
4716|#61MostDiscussedMovieof2017
4717|#34MostSharedMovieof2017
4718|#4MostSharedMovieof2021
4719|#12MostDiscussedMovieof2002
4720|#39MostSharedMovieof2002
4721|#34MostDiscussedMovieof2012
4722|#85MostSharedMovieof2012
4723|#85BestMovieof2004
4724|#27MostDiscussedMovieof2004
4725|#57MostSharedMovieof2004
4726|#11BestMovieof2007
4727|#14MostDiscussedMovieof2007
4728|#16MostSharedMovieof2007
4729|#73MostDiscussedMovieof2009
4730|#58MostSharedMovieof2009
4731|#99MostDiscussedMovieof2016
4732|#81MostSharedMovieof2016
4733|#96MostDiscussedMovieof2008
4734|#9MostSharedMovieof2008
4735|#49BestMovieof2009
4736|#97BestMovieof2017
4737|#76MostDiscussedMovieof2006
4738|#64BestMovieof2006
4739|#35MostSharedMovieof2016
4740|#73MostDiscussedMovieof2005
4741|#84MostSharedMovieof2005
4742|#98MostDiscussedMovieof2016
4743|#27MostSharedMovieof2016
4744|#92MostDiscussedMovieof2004
4745|#33MostSharedMovieof2004
4746|#76MostDiscussedMovieof2007
4747|#40MostSharedMovieof2007
4748|#82BestMovieof2012
4749|#13MostDiscussedMovieof2004
4750|#8MostSharedMovieof2004
4751|#13MostDiscussedMovieof2012
4752|#11MostSharedMovieof2012
4753|#61MostSharedMovieof2013
4754|#52MostDiscussedMovieof2020
4755|#92BestMovieof2007
4756|#88MostDiscussedMovieof2012
4757|#74BestMovieof2014
4758|#9MostDiscussedMovieof2003
4759|#17MostSharedMovieof2003
4760|#93BestMovieof2007
4761|#37BestMovieof2019
4762|#84BestMovieof2006
4763|#18MostDiscussedMovieof2000
4764|#24MostSharedMovieof2000
4765|#46BestMovieof2012
4766|#64BestMovieof2019
4767|#100MostDiscussedMovieof2011
4768|#91MostSharedMovieof2009
4769|#36MostDiscussedMovieof2008
4770|#66BestMovieof2005
4771|#8MostDiscussedMovieof2005
4772|#23MostSharedMovieof2005
4773|#66MostDiscussedMovieof2010
4774|#51MostDiscussedMovieof2004
4775|#60MostSharedMovieof2004
4776|#15BestMovieof2001
4777|#87MostSharedMovieof2001
4778|#77MostDiscussedMovieof2017
4779|#55MostSharedMovieof2017
4780|#3BestMovieof2008
4781|#59MostSharedMovieof2008
4782|#65BestMovieof2004
4783|#48BestMovieof2020
4784|#83BestMovieof2001
4785|#28MostDiscussedMovieof2018
4786|#33MostSharedMovieof2018
4787|#45BestMovieof2002
4788|#53MostSharedMovieof2009
4789|#18BestMovieof2000
4790|#82MostDiscussedMovieof2018
4791|#26MostSharedMovieof2018
4792|#68BestMovieof2003
4793|#84MostDiscussedMovieof2003
4794|#18MostDiscussedMovieof2013
4795|#5MostSharedMovieof2013
4796|#31MostDiscussedMovieof2016
4797|#30MostSharedMovieof2016
4798|#36MostDiscussedMovieof2021
4799|#19BestMovieof2005
4800|#14MostDiscussedMovieof2005
4801|#47MostSharedMovieof2005
4802|#56MostDiscussedMovieof2003
4803|#35MostSharedMovieof2003
4804|#91BestMovieof2004
4805|#52MostDiscussedMovieof2013
4806|#46MostDiscussedMovieof2002
4807|#51MostSharedMovieof2002
4808|#50BestMovieof2008
4809|#19BestMovieof2009
4810|#95MostDiscussedMovieof2006
4811|#50MostSharedMovieof2006
4812|#89MostDiscussedMovieof2020
4813|#54BestMovieof2013
4814|#93MostDiscussedMovieof2010
4815|#37MostSharedMovieof2002
4816|#66MostDiscussedMovieof2013
4817|#79MostSharedMovieof2013
4818|#76MostDiscussedMovieof2020
4819|#7MostSharedMovieof2020
4820|#90BestMovieof2000
4821|#89BestMovieof2008
4822|#13MostDiscussedMovieof2008
4823|#24MostSharedMovieof2008
4824|#47MostSharedMovieof2019
4825|#81MostDiscussedMovieof2019
4826|#94MostSharedMovieof2019
4827|#13MostDiscussedMovieof2006
4828|#31MostSharedMovieof2006
4829|#34BestMovieof2009
4830|#96BestMovieof2014
4831|#92MostSharedMovieof2003
4832|#70MostDiscussedMovieof2015
4833|#39MostSharedMovieof2015
4834|#51MostDiscussedMovieof2007
4835|#78MostDiscussedMovieof2004
4836|#87BestMovieof2016
4837|#15BestMovieof2008
4838|#1MostDiscussedMovieof2008
4839|#3MostSharedMovieof2008
4840|#55BestMovieof2012
4841|#1MostDiscussedMovieof2012
4842|#1MostSharedMovieof2012
4843|#43MostDiscussedMovieof2017
4844|#45MostSharedMovieof2017
4845|#85MostDiscussedMovieof2011
4846|#46MostSharedMovieof2011
4847|#19MostDiscussedMovieof2004
4848|#29MostSharedMovieof2004
4849|#20BestMovieof2012
4850|#19BestMovieof2001
4851|#31MostDiscussedMovieof2008
4852|#46MostSharedMovieof2008
4853|#60MostDiscussedMovieof2019
4854|#90MostSharedMovieof2019
4855|#55MostSharedMovieof2019
4856|#13BestMovieof2006
4857|#20BestMovieof2018
4858|#67MostDiscussedMovieof2018
4859|#37MostSharedMovieof2018
4860|#93MostDiscussedMovieof2011
4861|#47MostDiscussedMovieof2001
4862|#36BestMovieof2000
4863|#24BestMovieof2012
4864|#88MostSharedMovieof2012
4865|#40BestMovieof2001
4866|#15BestMovieof2006
4867|#3MostDiscussedMovieof2006
4868|#14MostSharedMovieof2006
4869|#38BestMovieof2017
4870|#22BestMovieof2011
4871|#36MostDiscussedMovieof2011
4872|#22MostDiscussedMovieof2006
4873|#42MostSharedMovieof2006
4874|#75BestMovieof2011
4875|#67BestMovieof2004
4876|#27MostDiscussedMovieof2020
4877|#48BestMovieof2006
4878|#49BestMovieof2007
4879|#69MostDiscussedMovieof2012
4880|#39MostDiscussedMovieof2006
4881|#27MostSharedMovieof2006
4882|#44BestMovieof2001
4883|#80MostDiscussedMovieof2001
4884|#31BestMovieof2006
4885|#83MostDiscussedMovieof2005
4886|#75MostSharedMovieof2005
4887|#21BestMovieof2015
4888|#81MostSharedMovieof2015
4889|#31MostDiscussedMovieof2012
4890|#42MostSharedMovieof2012
4891|#61MostSharedMovieof2019
4892|#52MostDiscussedMovieof2017
4893|#83MostSharedMovieof2017
4894|#48BestMovieof2021
4895|#68BestMovieof2001
4896|#53BestMovieof2020
4897|#67MostDiscussedMovieof2016
4898|#3MostSharedMovieof2016
4899|#39MostDiscussedMovieof2015
4900|#73MostSharedMovieof2012
4901|#4BestMovieof2007
4902|#77MostDiscussedMovieof2007
4903|#22MostSharedMovieof2007
4904|#91BestMovieof2014
4905|#42MostSharedMovieof2004
4906|#73MostDiscussedMovieof2014
4907|#65BestMovieof2008
4908|#23BestMovieof2015
4909|#58BestMovieof2019
4910|#59MostDiscussedMovieof2019
4911|#7BestMovieof2008
4912|#95BestMovieof2016
4913|#83BestMovieof2003
4914|#14MostDiscussedMovieof2017
4915|#22MostSharedMovieof2017
4916|#93BestMovieof2000
4917|#24MostDiscussedMovieof2000
4918|#45MostSharedMovieof2000
4919|#51BestMovieof2014
4920|#45BestMovieof2015
4921|#75BestMovieof2018
4922|#11BestMovieof2001
4923|#79MostSharedMovieof2001
4924|#99MostSharedMovieof2013
4925|#52MostDiscussedMovieof2014
4926|#41MostSharedMovieof2014
4927|#63MostDiscussedMovieof2018
4928|#88MostSharedMovieof2018
4929|#71BestMovieof2002
4930|#50MostDiscussedMovieof2005
4931|#28MostSharedMovieof2005
4932|#24MostDiscussedMovieof2010
4933|#49MostSharedMovieof2010
4934|#40MostDiscussedMovieof2012
4935|#57MostSharedMovieof2012
4936|#50MostDiscussedMovieof2014
4937|#82MostSharedMovieof2014
4938|#89MostSharedMovieof2019
4939|#82MostDiscussedMovieof2008
4940|#91BestMovieof2006
4941|#8BestMovieof2006
4942|#81MostSharedMovieof2013
4943|#37MostDiscussedMovieof2000
4944|#68MostSharedMovieof2000
4945|#40MostDiscussedMovieof2005
4946|#64BestMovieof2005
4947|#11BestMovieof2019
4948|#80MostDiscussedMovieof2019
4949|#35MostSharedMovieof2019
4950|#16BestMovieof2017
4951|#8MostDiscussedMovieof2001
4952|#19MostSharedMovieof2001
4953|#58MostDiscussedMovieof2006
4954|#30MostSharedMovieof2006
4955|#46MostDiscussedMovieof2017
4956|#25MostSharedMovieof2017
4957|#16BestMovieof2021
4958|#59MostDiscussedMovieof2021
4959|#39MostDiscussedMovieof2014
4960|#35MostSharedMovieof2014
4961|#10BestMovieof2018
4962|#33MostDiscussedMovieof2018
4963|#51BestMovieof2005
4964|#94BestMovieof2021
4965|#39BestMovieof2010
4966|#33MostDiscussedMovieof2010
4967|#54MostSharedMovieof2010
4968|#98MostDiscussedMovieof2003
4969|#15BestMovieof2000
4970|#61MostDiscussedMovieof2004
4971|#58MostDiscussedMovieof2009
4972|#87MostDiscussedMovieof2018
4973|#47MostSharedMovieof2012
4974|#29BestMovieof2021
4975|#10BestMovieof2016
4976|#39BestMovieof2004
4977|#21BestMovieof2012
4978|#5BestMovieof2017
4979|#60MostDiscussedMovieof2017
4980|#64MostSharedMovieof2017
4981|#9BestMovieof2003
4982|#31BestMovieof2015
4983|#60MostSharedMovieof2008
4984|#32BestMovieof2015
4985|#79BestMovieof2017
4986|#80MostDiscussedMovieof2017
4987|#91MostDiscussedMovieof2021
4988|#91BestMovieof2012
4989|#71MostDiscussedMovieof2004
4990|#32MostDiscussedMovieof2001
4991|#62BestMovieof2020
4992|#85MostDiscussedMovieof2017
4993|#93MostSharedMovieof2017
4994|#17MostDiscussedMovieof2006
4995|#60MostSharedMovieof2006
4996|#42BestMovieof2011
4997|#44MostSharedMovieof2009
4998|#69MostDiscussedMovieof2021
4999|#85MostSharedMovieof2014
5000|#8BestMovieof2013
5001|#15MostDiscussedMovieof2020
5002|#26MostDiscussedMovieof2000
5003|#49MostSharedMovieof2000
5004|#91BestMovieof2015
5005|#43MostDiscussedMovieof2015
5006|#48MostSharedMovieof2015
5007|#67BestMovieof2008
5008|#100BestMovieof2000
5009|#42MostSharedMovieof2000
5010|#15MostSharedMovieof2004
5011|#61MostDiscussedMovieof2016
5012|#59MostSharedMovieof2016
5013|#61BestMovieof2010
5014|#91MostDiscussedMovieof2010
5015|#90MostSharedMovieof2010
5016|#17MostDiscussedMovieof2011
5017|#50MostSharedMovieof2011
5018|#58BestMovieof2017
5019|#64MostDiscussedMovieof2014
5020|#23BestMovieof2001
5021|#55BestMovieof2020
5022|#21MostDiscussedMovieof2007
5023|#96MostSharedMovieof2007
5024|#31MostDiscussedMovieof2015
5025|#25MostSharedMovieof2015
5026|#89BestMovieof2002
5027|#75MostSharedMovieof2002
5028|#45MostDiscussedMovieof2006
5029|#55MostSharedMovieof2006
5030|#12BestMovieof2014
5031|#22MostDiscussedMovieof2014
5032|#59MostSharedMovieof2014
5033|#27MostSharedMovieof2013
5034|#16BestMovieof2013
5035|#78BestMovieof2018
5036|#83BestMovieof2000
5037|#20MostDiscussedMovieof2013
5038|#25MostSharedMovieof2013
5039|#85MostSharedMovieof2005
5040|#68MostDiscussedMovieof2017
5041|#40MostSharedMovieof2017
5042|#27MostDiscussedMovieof2017
5043|#50MostSharedMovieof2017
5044|#89BestMovieof2018
5045|#32MostDiscussedMovieof2011
5046|#6MostSharedMovieof2015
5047|#34BestMovieof2021
5048|#24MostDiscussedMovieof2021
5049|#29MostDiscussedMovieof2012
5050|#72MostSharedMovieof2012
5051|#92BestMovieof2018
5052|#65MostDiscussedMovieof2018
5053|#35BestMovieof2019
5054|#65BestMovieof2006
5055|#37MostDiscussedMovieof2004
5056|#40MostSharedMovieof2004
5057|#100MostDiscussedMovieof2006
5058|#68MostSharedMovieof2004
5059|#46MostDiscussedMovieof2020
5060|#49BestMovieof2011
5061|#87MostDiscussedMovieof2006
5062|#68BestMovieof2018
5063|#92BestMovieof2014
5064|#66MostDiscussedMovieof2014
5065|#53MostSharedMovieof2014
5066|#94MostDiscussedMovieof2012
5067|#48BestMovieof2018
5068|#90MostDiscussedMovieof2021
5069|#68MostSharedMovieof2003
5070|#86MostDiscussedMovieof2020
5071|#26BestMovieof2016
5072|#89BestMovieof2009
5073|#11MostDiscussedMovieof2009
5074|#16MostSharedMovieof2009
5075|#18MostDiscussedMovieof2011
5076|#36MostDiscussedMovieof2013
5077|#6MostDiscussedMovieof2008
5078|#44MostSharedMovieof2008
5079|#51BestMovieof2017
5080|#76MostDiscussedMovieof2018
5081|#65MostDiscussedMovieof2021
5082|#62BestMovieof2018
5083|#100MostSharedMovieof2018
5084|#9MostDiscussedMovieof2015
5085|#2MostSharedMovieof2015
5086|#37BestMovieof2009
5087|#73BestMovieof2006
5088|#68MostDiscussedMovieof2013
5089|#38MostDiscussedMovieof2011
5090|#31MostSharedMovieof2011
5091|#56BestMovieof2006
5092|#47MostDiscussedMovieof2006
5093|#63MostSharedMovieof2006
5094|#43MostSharedMovieof2007
5095|#74BestMovieof2006
5096|#56MostDiscussedMovieof2005
5097|#62MostDiscussedMovieof2017
5098|#77MostSharedMovieof2017
5099|#87MostDiscussedMovieof2021
5100|#3MostDiscussedMovieof2012
5101|#15MostSharedMovieof2012
5102|#15MostDiscussedMovieof2014
5103|#12MostSharedMovieof2014
5104|#7MostDiscussedMovieof2013
5105|#60MostSharedMovieof2013
5106|#25MostSharedMovieof2006
5107|#67BestMovieof2005
5108|#17BestMovieof2007
5109|#41MostDiscussedMovieof2007
5110|#44MostSharedMovieof2007
5111|#92MostDiscussedMovieof2013
5112|#65MostDiscussedMovieof2002
5113|#48MostSharedMovieof2002
5114|#52MostSharedMovieof2008
5115|#28BestMovieof2002
5116|#35MostDiscussedMovieof2002
5117|#56MostSharedMovieof2002
5118|#63BestMovieof2012
5119|#28BestMovieof2000
5120|#83BestMovieof2009
5121|#90MostDiscussedMovieof2018
5122|#54MostDiscussedMovieof2010
5123|#11MostSharedMovieof2010
5124|#94MostDiscussedMovieof2011
5125|#12MostSharedMovieof2011
5126|#94MostDiscussedMovieof2015
5127|#18BestMovieof2021
5128|#5MostDiscussedMovieof2012
5129|#2MostSharedMovieof2012
5130|#89BestMovieof2013
5131|#12MostDiscussedMovieof2013
5132|#42MostSharedMovieof2013
5133|#21MostDiscussedMovieof2014
5134|#62MostSharedMovieof2014
5135|#25MostDiscussedMovieof2015
5136|#20MostSharedMovieof2015
5137|#73BestMovieof2013
5138|#26MostDiscussedMovieof2020
5139|#66BestMovieof2012
5140|#99BestMovieof2015
5141|#85MostDiscussedMovieof2016
5142|#55MostSharedMovieof2016
5143|#1BestMovieof2009
5144|#8MostDiscussedMovieof2009
5145|#8MostSharedMovieof2009
5146|#84MostSharedMovieof2013
5147|#62MostDiscussedMovieof2011
5148|#34MostDiscussedMovieof2006
5149|#51MostSharedMovieof2006
5150|#24BestMovieof2010
5151|#31MostDiscussedMovieof2014
5152|#18MostSharedMovieof2014
5153|#82BestMovieof2014
5154|#89BestMovieof2012
5155|#49MostDiscussedMovieof2012
5156|#14MostSharedMovieof2012
5157|#61BestMovieof2012
5158|#79MostSharedMovieof2012
5159|#85MostDiscussedMovieof2000
5160|#98MostDiscussedMovieof2013
5161|#9MostDiscussedMovieof2008
5162|#13MostSharedMovieof2008
5163|#3BestMovieof2004
5164|#5MostDiscussedMovieof2004
5165|#3MostSharedMovieof2004
5166|#83MostDiscussedMovieof2009
5167|#85MostSharedMovieof2009
5168|#25BestMovieof2021
5169|#76BestMovieof2016
5170|#64MostDiscussedMovieof2015
5171|#14MostSharedMovieof2015
5172|#62MostDiscussedMovieof2013
5173|#88MostSharedMovieof2013
5174|#14BestMovieof2011
5175|#30MostDiscussedMovieof2014
5176|#26MostSharedMovieof2014
5177|#72MostDiscussedMovieof2012
5178|#7MostSharedMovieof2012
5179|#9BestMovieof2005
5180|#80MostDiscussedMovieof2007
5181|#75MostSharedMovieof2007
5182|#71MostDiscussedMovieof2009
5183|#13MostDiscussedMovieof2020
5184|#76BestMovieof2012
5185|#96BestMovieof2013
5186|#97MostDiscussedMovieof2016
5187|#3BestMovieof2019
5188|#17MostDiscussedMovieof2019
5189|#70MostDiscussedMovieof2011
5190|#18MostDiscussedMovieof2005
5191|#25MostSharedMovieof2005
5192|#73BestMovieof2007
5193|#35MostDiscussedMovieof2003
5194|#52MostSharedMovieof2003
5195|#76MostDiscussedMovieof2014
5196|#84MostSharedMovieof2014
5197|#95MostDiscussedMovieof2003
5198|#63MostSharedMovieof2003
5199|#88BestMovieof2016
5200|#23MostDiscussedMovieof2016
5201|#17MostSharedMovieof2016
5202|#79BestMovieof2004
5203|#57BestMovieof2002
5204|#63MostSharedMovieof2019
5205|#7BestMovieof2012
5206|#11BestMovieof2010
5207|#59MostDiscussedMovieof2010
5208|#57MostSharedMovieof2010
5209|#76MostDiscussedMovieof2017
5210|#89MostSharedMovieof2017
5211|#54BestMovieof2021
5212|#66MostDiscussedMovieof2019
5213|#20BestMovieof2007
5214|#39MostDiscussedMovieof2020
5215|#78MostDiscussedMovieof2007
5216|#48MostSharedMovieof2007
5217|#53MostDiscussedMovieof2021
5218|#8BestMovieof2010
5219|#18MostDiscussedMovieof2010
5220|#30MostSharedMovieof2010
5221|#74MostDiscussedMovieof2020
5222|#43MostSharedMovieof2019
5223|#90MostSharedMovieof2007
5224|#79BestMovieof2002
5225|#74MostSharedMovieof2004
5226|#52MostDiscussedMovieof2006
5227|#57MostSharedMovieof2006
5228|#4MostDiscussedMovieof2010
5229|#16MostSharedMovieof2010
5230|#34BestMovieof2019
5231|#40MostDiscussedMovieof2021
5232|#70MostDiscussedMovieof2010
5233|#70BestMovieof2006
5234|#73MostDiscussedMovieof2006
5235|#49MostSharedMovieof2006
5236|#75BestMovieof2016
5237|#52BestMovieof2008
5238|#51BestMovieof2013
5239|#16MostDiscussedMovieof2003
5240|#25MostSharedMovieof2003
5241|#99BestMovieof2000
5242|#39MostSharedMovieof2010
5243|#66BestMovieof2009
5244|#73MostDiscussedMovieof2015
5245|#52MostSharedMovieof2015
5246|#51BestMovieof2012
5247|#44MostDiscussedMovieof2003
5248|#48MostSharedMovieof2003
5249|#83MostSharedMovieof2011
5250|#97MostDiscussedMovieof2000
5251|#94MostSharedMovieof2000
5252|#55BestMovieof2000
5253|#37MostSharedMovieof2000
5254|#75MostDiscussedMovieof2014
5255|#45MostDiscussedMovieof2016
5256|#29MostSharedMovieof2016
5257|#41MostDiscussedMovieof2017
5258|#49MostSharedMovieof2017
5259|#33BestMovieof2014
5260|#10MostDiscussedMovieof2014
5261|#39MostSharedMovieof2014
5262|#55MostDiscussedMovieof2019
5263|#34MostSharedMovieof2019
5264|#94MostDiscussedMovieof2017
5265|#62BestMovieof2017
5266|#47BestMovieof2000
5267|#44MostDiscussedMovieof2004
5268|#70MostSharedMovieof2004
5269|#26MostSharedMovieof2003
5270|#100BestMovieof2007
5271|#38BestMovieof2019
5272|#36MostDiscussedMovieof2019
5273|#89MostDiscussedMovieof2011
5274|#8MostDiscussedMovieof2019
5275|#7MostSharedMovieof2019
5276|#63MostDiscussedMovieof2021
5277|#72MostSharedMovieof2000
5278|#4BestMovieof2006
5279|#55MostDiscussedMovieof2006
5280|#96MostSharedMovieof2006
5281|#40BestMovieof2016
5282|#34MostDiscussedMovieof2016
5283|#46MostSharedMovieof2016
5284|#60MostDiscussedMovieof2020
5285|#69BestMovieof2012
5286|#84MostDiscussedMovieof2005
5287|#60MostSharedMovieof2005
5288|#7BestMovieof2015
5289|#91BestMovieof2007
5290|#2BestMovieof2001
5291|#1MostDiscussedMovieof2001
5292|#7MostSharedMovieof2001
5293|#1BestMovieof2003
5294|#1MostDiscussedMovieof2003
5295|#5MostSharedMovieof2003
5296|#6BestMovieof2002
5297|#4MostDiscussedMovieof2002
5298|#53MostSharedMovieof2002
5299|#96BestMovieof2017
5300|#82MostDiscussedMovieof2017
5301|#42MostSharedMovieof2017
5302|#28BestMovieof2021
5303|#64MostDiscussedMovieof2021
5304|#91BestMovieof2021
5305|#91BestMovieof2010
5306|#95MostDiscussedMovieof2008
5307|#75MostSharedMovieof2008
5308|#43BestMovieof2016
5309|#82MostDiscussedMovieof2020
5310|#43MostDiscussedMovieof2009
5311|#25MostSharedMovieof2009
5312|#43MostSharedMovieof2012
5313|#89BestMovieof2014
5314|#77BestMovieof2021
5315|#36MostDiscussedMovieof2004
5316|#25MostSharedMovieof2004
5317|#20BestMovieof2003
5318|#47MostDiscussedMovieof2016
5319|#68MostSharedMovieof2016
5320|#33BestMovieof2009
5321|#90MostDiscussedMovieof2001
5322|#72BestMovieof2001
5323|#15BestMovieof2003
5324|#57BestMovieof2004
5325|#89MostDiscussedMovieof2004
5326|#49MostSharedMovieof2004
5327|#51MostDiscussedMovieof2021
5328|#64MostSharedMovieof2006
5329|#61BestMovieof2015
5330|#7MostDiscussedMovieof2015
5331|#12MostSharedMovieof2015
5332|#13BestMovieof2012
5333|#25MostDiscussedMovieof2012
5334|#21MostSharedMovieof2012
5335|#38MostDiscussedMovieof2002
5336|#63MostSharedMovieof2002
5337|#72MostDiscussedMovieof2005
5338|#10MostDiscussedMovieof2003
5339|#49MostSharedMovieof2003
5340|#4MostDiscussedMovieof2021
5341|#6MostDiscussedMovieof2003
5342|#28MostSharedMovieof2003
5343|#32MostDiscussedMovieof2014
5344|#22MostSharedMovieof2014
5345|#34MostDiscussedMovieof2018
5346|#30MostSharedMovieof2018
5347|#83BestMovieof2005
5348|#89MostDiscussedMovieof2009
5349|#92MostSharedMovieof2009
5350|#66MostSharedMovieof2004
5351|#56BestMovieof2009
5352|#92MostDiscussedMovieof2001
5353|#82BestMovieof2017
5354|#32MostDiscussedMovieof2020
5355|#41BestMovieof2011
5356|#99MostSharedMovieof2003
5357|#11BestMovieof2013
5358|#19MostDiscussedMovieof2007
5359|#37MostSharedMovieof2007
5360|#79BestMovieof2021
5361|#43MostDiscussedMovieof2021
5362|#58MostDiscussedMovieof2014
5363|#63MostDiscussedMovieof2013
5364|#69BestMovieof2009
5365|#96BestMovieof2004
5366|#77MostSharedMovieof2004
5367|#63MostDiscussedMovieof2002
5368|#66BestMovieof2004
5369|#71MostDiscussedMovieof2018
5370|#36MostDiscussedMovieof2017
5371|#19MostSharedMovieof2017
5372|#31MostDiscussedMovieof2001
5373|#27MostSharedMovieof2001
5374|#51MostDiscussedMovieof2008
5375|#67MostSharedMovieof2008
5376|#73BestMovieof2011
5377|#48MostDiscussedMovieof2011
5378|#25BestMovieof2007
5379|#62BestMovieof2003
5380|#82MostDiscussedMovieof2016
5381|#65BestMovieof2020
5382|#87MostDiscussedMovieof2002
5383|#83MostSharedMovieof2002
5384|#11MostDiscussedMovieof2020
5385|#2MostSharedMovieof2020
5386|#27MostDiscussedMovieof2005
5387|#72MostSharedMovieof2005
5388|#69MostDiscussedMovieof2000
5389|#89MostDiscussedMovieof2010
5390|#55MostSharedMovieof2010
5391|#29MostDiscussedMovieof2016
5392|#47MostSharedMovieof2016
5393|#49MostSharedMovieof2015
5394|#57MostSharedMovieof2019
5395|#25MostDiscussedMovieof2000
5396|#87MostSharedMovieof2000
5397|#41MostDiscussedMovieof2004
5398|#4MostSharedMovieof2004
5399|#32BestMovieof2021
5400|#39MostDiscussedMovieof2018
5401|#43MostSharedMovieof2018
5402|#90BestMovieof2010
5403|#10MostDiscussedMovieof2020
5404|#77BestMovieof2018
5405|#97MostDiscussedMovieof2001
5406|#92MostSharedMovieof2001
5407|#98BestMovieof2021
5408|#77MostDiscussedMovieof2012
5409|#81BestMovieof2000
5410|#41BestMovieof2008
5411|#74BestMovieof2000
5412|#53MostSharedMovieof2000
5413|#32BestMovieof2017
5414|#69BestMovieof2007
5415|#67MostDiscussedMovieof2007
5416|#84MostSharedMovieof2008
5417|#22MostDiscussedMovieof2010
5418|#52MostSharedMovieof2010
5419|#69MostSharedMovieof2009
5420|#46BestMovieof2017
5421|#91BestMovieof2018
5422|#91MostDiscussedMovieof2014
5423|#77MostSharedMovieof2014
5424|#63BestMovieof2001
5425|#20MostDiscussedMovieof2001
5426|#5MostSharedMovieof2001
5427|#70MostSharedMovieof2018
5428|#6BestMovieof2014
5429|#92MostSharedMovieof2014
5430|#79MostSharedMovieof2005
5431|#89MostDiscussedMovieof2006
5432|#37MostSharedMovieof2006
5433|#78BestMovieof2020
5434|#10MostDiscussedMovieof2004
5435|#5MostSharedMovieof2004
5436|#18BestMovieof2013
5437|#20MostDiscussedMovieof2000
5438|#22MostSharedMovieof2000
5439|#78MostDiscussedMovieof2019
5440|#55MostDiscussedMovieof2015
5441|#38MostSharedMovieof2015
5442|#73BestMovieof2015
5443|#75MostSharedMovieof2015
5444|#11MostSharedMovieof2016
5445|#43MostDiscussedMovieof2000
5446|#47MostSharedMovieof2000
5447|#43MostDiscussedMovieof2012
5448|#34MostSharedMovieof2012
5449|#90BestMovieof2020
5450|#20MostDiscussedMovieof2004
5451|#52MostSharedMovieof2004
5452|#10BestMovieof2002
5453|#16MostDiscussedMovieof2002
5454|#15MostSharedMovieof2002
5455|#36BestMovieof2002
5456|#88MostDiscussedMovieof2002
5457|#44MostSharedMovieof2002
5458|#99MostDiscussedMovieof2006
5459|#17BestMovieof2002
5460|#90BestMovieof2012
5461|#50MostDiscussedMovieof2013
5462|#49MostSharedMovieof2013
5463|#33MostDiscussedMovieof2020
5464|#88BestMovieof2001
5465|#90MostSharedMovieof2001
5466|#18MostDiscussedMovieof2004
5467|#12MostSharedMovieof2004
5468|#54BestMovieof2008
5469|#50BestMovieof2017
5470|#48MostDiscussedMovieof2017
5471|#56MostSharedMovieof2017
5472|#13BestMovieof2021
5473|#32MostDiscussedMovieof2021
5474|#21MostDiscussedMovieof2018
5475|#60MostSharedMovieof2018
5476|#15MostDiscussedMovieof2006
5477|#22MostSharedMovieof2006
5478|#89BestMovieof2007
5479|#85BestMovieof2009
5480|#68MostDiscussedMovieof2009
5481|#19MostSharedMovieof2009
5482|#62MostDiscussedMovieof2001
5483|#60MostSharedMovieof2001
5484|#50BestMovieof2011
5485|#51MostDiscussedMovieof2005
5486|#53MostDiscussedMovieof2020
5487|#86MostDiscussedMovieof2017
5488|#65MostSharedMovieof2017
5489|#55MostDiscussedMovieof2009
5490|#48MostSharedMovieof2009
5491|#66BestMovieof2019
5492|#80BestMovieof2006
5493|#87BestMovieof2006
5494|#21MostDiscussedMovieof2004
5495|#46MostSharedMovieof2004
5496|#93BestMovieof2013
5497|#27MostDiscussedMovieof2013
5498|#33MostSharedMovieof2013
5499|#54MostDiscussedMovieof2014
5500|#56MostSharedMovieof2014
5501|#74MostDiscussedMovieof2016
5502|#75MostSharedMovieof2016
5503|#36MostDiscussedMovieof2006
5504|#13MostSharedMovieof2006
5505|#2BestMovieof2006
5506|#25MostDiscussedMovieof2006
5507|#72MostSharedMovieof2006
5508|#40BestMovieof2012
5509|#16BestMovieof2002
5510|#79BestMovieof2012
5511|#70MostDiscussedMovieof2014
5512|#69MostSharedMovieof2014
5513|#88BestMovieof2012
5514|#47MostDiscussedMovieof2012
5515|#77MostSharedMovieof2012
5516|#55BestMovieof2007
5517|#85MostDiscussedMovieof2008
5518|#17MostSharedMovieof2008
5519|#42BestMovieof2006
5520|#46BestMovieof2021
5521|#21BestMovieof2017
5522|#78MostDiscussedMovieof2000
5523|#40MostSharedMovieof2000
5524|#44BestMovieof2021
5525|#27BestMovieof2004
5526|#76MostSharedMovieof2012
5527|#6MostDiscussedMovieof2015
5528|#4MostSharedMovieof2015
5529|#25BestMovieof2003
5530|#37MostDiscussedMovieof2003
5531|#5BestMovieof2018
5532|#58MostSharedMovieof2018
5533|#63MostDiscussedMovieof2015
5534|#86MostSharedMovieof2015
5535|#13MostDiscussedMovieof2002
5536|#24MostSharedMovieof2002
5537|#89MostSharedMovieof2005
5538|#55BestMovieof2006
5539|#31MostDiscussedMovieof2009
5540|#32MostSharedMovieof2009
5541|#87BestMovieof2001
5542|#35MostDiscussedMovieof2000
5543|#43MostSharedMovieof2000
5544|#89BestMovieof2021
5545|#85BestMovieof2002
5546|#55BestMovieof2001
5547|#22MostDiscussedMovieof2001
5548|#65MostSharedMovieof2001
5549|#47MostDiscussedMovieof2003
5550|#71MostSharedMovieof2003
5551|#45BestMovieof2004
5552|#30BestMovieof2017
5553|#91MostSharedMovieof2017
5554|#33BestMovieof2015
5555|#29MostDiscussedMovieof2002
5556|#3MostSharedMovieof2003
5557|#67MostDiscussedMovieof2002
5558|#12BestMovieof2007
5559|#92BestMovieof2004
5560|#98MostDiscussedMovieof2006
5561|#79MostSharedMovieof2006
5562|#86BestMovieof2001
5563|#77MostDiscussedMovieof2001
5564|#39MostSharedMovieof2001
5565|#64MostDiscussedMovieof2002
5566|#21MostSharedMovieof2002
5567|#73BestMovieof2004
5568|#76MostSharedMovieof2004
5569|#44BestMovieof2015
5570|#34BestMovieof2010
5571|#18MostSharedMovieof2010
5572|#38MostDiscussedMovieof2016
5573|#50MostSharedMovieof2016
5574|#66MostSharedMovieof2019
5575|#35MostDiscussedMovieof2013
5576|#51MostSharedMovieof2013
5577|#51BestMovieof2003
5578|#29BestMovieof2010
5579|#17BestMovieof2008
5580|#39BestMovieof2012
5581|#78MostDiscussedMovieof2012
5582|#27BestMovieof2013
5583|#44BestMovieof2012
5584|#98MostSharedMovieof2017
5585|#52MostDiscussedMovieof2016
5586|#34MostSharedMovieof2016
5587|#19BestMovieof2017
5588|#18MostDiscussedMovieof2017
5589|#16MostSharedMovieof2017
5590|#76MostSharedMovieof2001
5591|#73MostSharedMovieof2014
5592|#35BestMovieof2007
5593|#13MostDiscussedMovieof2007
5594|#57MostSharedMovieof2007
5595|#88MostSharedMovieof2003
5596|#96BestMovieof2018
5597|#61MostDiscussedMovieof2005
5598|#61MostSharedMovieof2005
5599|#52BestMovieof2002
5600|#71MostDiscussedMovieof2011
5601|#43MostSharedMovieof2011
5602|#80MostSharedMovieof2017
5603|#85BestMovieof2020
5604|#81MostDiscussedMovieof2020
5605|#1BestMovieof2010
5606|#2MostDiscussedMovieof2010
5607|#6MostSharedMovieof2010
5608|#12BestMovieof2003
5609|#81BestMovieof2009
5610|#77BestMovieof2002
5611|#71MostDiscussedMovieof2010
5612|#6BestMovieof2019
5613|#32MostSharedMovieof2019
5614|#12BestMovieof2021
5615|#80BestMovieof2021
5616|#52BestMovieof2000
5617|#35BestMovieof2013
5618|#90MostDiscussedMovieof2013
5619|#98MostSharedMovieof2013
5620|#72MostDiscussedMovieof2008
5621|#46MostDiscussedMovieof2015
5622|#16MostDiscussedMovieof2004
5623|#28MostSharedMovieof2004
5624|#78MostDiscussedMovieof2018
5625|#96MostSharedMovieof2018
5626|#69BestMovieof2010
5627|#21BestMovieof2013
5628|#21BestMovieof2005
5629|#32MostDiscussedMovieof2005
5630|#93MostSharedMovieof2005
5631|#28BestMovieof2003
5632|#81MostDiscussedMovieof2003
5633|#78MostSharedMovieof2009
5634|#100MostDiscussedMovieof2009
5635|#30BestMovieof2004
5636|#65BestMovieof2010
5637|#57BestMovieof2014
5638|#34MostDiscussedMovieof2008
5639|#31MostSharedMovieof2008
5640|#85MostDiscussedMovieof2018
5641|#78MostSharedMovieof2018
5642|#9MostDiscussedMovieof2021
5643|#13BestMovieof2009
5644|#78BestMovieof2017
5645|#66MostDiscussedMovieof2009
5646|#75MostSharedMovieof2009
5647|#13BestMovieof2018
5648|#8BestMovieof2014
5649|#99BestMovieof2005
5650|#93MostSharedMovieof2012
5651|#87BestMovieof2000
5652|#41BestMovieof2001
5653|#72MostDiscussedMovieof2020
5654|#47MostDiscussedMovieof2004
5655|#41MostSharedMovieof2004
5656|#29MostDiscussedMovieof2003
5657|#44MostSharedMovieof2003
5658|#86MostDiscussedMovieof2006
5659|#99MostSharedMovieof2006
5660|#46MostDiscussedMovieof2014
5661|#38MostSharedMovieof2014
5662|#52MostDiscussedMovieof2011
5663|#45MostSharedMovieof2011
5664|#56BestMovieof2005
5665|#65MostDiscussedMovieof2005
5666|#92MostDiscussedMovieof2011
5667|#90MostDiscussedMovieof2012
5668|#10BestMovieof2010
5669|#84MostDiscussedMovieof2002
5670|#83BestMovieof2011
5671|#74MostSharedMovieof2009
5672|#15MostDiscussedMovieof2021
5673|#67MostDiscussedMovieof2010
5674|#86MostSharedMovieof2010
5675|#78BestMovieof2010
5676|#29MostDiscussedMovieof2010
5677|#28MostSharedMovieof2010
5678|#100BestMovieof2004
5679|#24BestMovieof2021
5680|#82MostDiscussedMovieof2021
5681|#33MostDiscussedMovieof2002
5682|#25MostSharedMovieof2002
5683|#23BestMovieof2016
5684|#20BestMovieof2011
5685|#11MostDiscussedMovieof2011
5686|#28MostSharedMovieof2011
5687|#36MostDiscussedMovieof2020
5688|#82BestMovieof2002
5689|#89BestMovieof2015
5690|#27BestMovieof2011
5691|#2BestMovieof2003
5692|#55MostDiscussedMovieof2003
5693|#55MostSharedMovieof2003
5694|#40BestMovieof2021
5695|#10MostSharedMovieof2020
5696|#89MostSharedMovieof2002
5697|#92BestMovieof2005
5698|#38BestMovieof2012
5699|#98MostDiscussedMovieof2020
5700|#95MostSharedMovieof2002
5701|#98BestMovieof2020
5702|#16MostDiscussedMovieof2011
5703|#44MostSharedMovieof2011
5704|#50MostDiscussedMovieof2012
5705|#64MostSharedMovieof2012
5706|#25MostDiscussedMovieof2010
5707|#23MostDiscussedMovieof2009
5708|#57MostSharedMovieof2009
5709|#28BestMovieof2004
5710|#87MostDiscussedMovieof2019
5711|#77MostDiscussedMovieof2009
5712|#95MostSharedMovieof2009
5713|#11BestMovieof2004
5714|#56MostSharedMovieof2009
5715|#58BestMovieof2008
5716|#34BestMovieof2005
5717|#51MostSharedMovieof2019
5718|#32BestMovieof2020
5719|#47MostDiscussedMovieof2020
5720|#99BestMovieof2021
5721|#20BestMovieof2021
5722|#23MostDiscussedMovieof2004
5723|#45MostSharedMovieof2004
5724|#42BestMovieof2000
5725|#52MostDiscussedMovieof2000
5726|#31MostSharedMovieof2000
5727|#95MostSharedMovieof2010
5728|#38MostDiscussedMovieof2015
5729|#35MostSharedMovieof2015
5730|#45BestMovieof2008
5731|#70MostSharedMovieof2012
5732|#19BestMovieof2011
5733|#54BestMovieof2016
5734|#19BestMovieof2012
5735|#57BestMovieof2018
5736|#74MostDiscussedMovieof2015
5737|#5MostSharedMovieof2015
5738|#83MostSharedMovieof2007
5739|#50BestMovieof2006
5740|#75MostDiscussedMovieof2012
5741|#97MostSharedMovieof2000
5742|#64MostSharedMovieof2007
5743|#67MostSharedMovieof2011
5744|#64MostDiscussedMovieof2020
5745|#90MostDiscussedMovieof2000
5746|#70MostDiscussedMovieof2005
5747|#92MostSharedMovieof2005
5748|#43BestMovieof2003
5749|#91MostSharedMovieof2005
5750|#15BestMovieof2005
5751|#31BestMovieof2009
5752|#46MostDiscussedMovieof2000
5753|#89MostSharedMovieof2000
5754|#70MostDiscussedMovieof2006
5755|#80MostSharedMovieof2006
5756|#76BestMovieof2001
5757|#91MostSharedMovieof2018
5758|#35BestMovieof2005
5759|#22BestMovieof2019
5760|#87MostDiscussedMovieof2020
5761|#24BestMovieof2013
5762|#24BestMovieof2007
5763|#6BestMovieof2000
5764|#34BestMovieof2016
5765|#14MostDiscussedMovieof2016
5766|#21MostSharedMovieof2016
5767|#69MostDiscussedMovieof2020
5768|#71BestMovieof2016
5769|#61BestMovieof2008
5770|#19BestMovieof2020
5771|#99BestMovieof2013
5772|#6MostDiscussedMovieof2013
5773|#19MostSharedMovieof2013
5774|#73MostDiscussedMovieof2010
5775|#59MostSharedMovieof2010
5776|#16MostDiscussedMovieof2013
5777|#66MostSharedMovieof2013
5778|#42MostDiscussedMovieof2012
5779|#29MostSharedMovieof2012
5780|#85MostDiscussedMovieof2021
5781|#52BestMovieof2017
5782|#68BestMovieof2021
5783|#79BestMovieof2011
5784|#97BestMovieof2004
5785|#92MostSharedMovieof2012
5786|#40BestMovieof2017
5787|#29BestMovieof2005
5788|#45BestMovieof2013
5789|#33MostDiscussedMovieof2013
5790|#9MostSharedMovieof2013
5791|#99MostSharedMovieof2005
5792|#71BestMovieof2017
5793|#35BestMovieof2008
5794|#44MostDiscussedMovieof2008
5795|#65MostSharedMovieof2008
5796|#92MostDiscussedMovieof2020
5797|#47MostDiscussedMovieof2008
5798|#6MostSharedMovieof2016
5799|#64BestMovieof2015
5800|#57BestMovieof2021
5801|#3BestMovieof2007
5802|#3MostDiscussedMovieof2007
5803|#7MostSharedMovieof2007
5804|#93MostDiscussedMovieof2004
5805|#30BestMovieof2013
5806|#91MostDiscussedMovieof2002
5807|#14MostSharedMovieof2002
5808|#9BestMovieof2018
5809|#12BestMovieof2016
5810|#43BestMovieof2000
5811|#18MostSharedMovieof2000
5812|#91BestMovieof2009
5813|#95BestMovieof2003
5814|#63MostDiscussedMovieof2003
5815|#37MostSharedMovieof2003
5816|#29BestMovieof2000
5817|#63BestMovieof2002
5818|#79MostSharedMovieof2000
5819|#10MostDiscussedMovieof2001
5820|#66MostSharedMovieof2001
5821|#83BestMovieof2013
5822|#63BestMovieof2006
5823|#62MostDiscussedMovieof2012
5824|#20MostSharedMovieof2012
5825|#10BestMovieof2007
5826|#99MostDiscussedMovieof2007
5827|#44MostDiscussedMovieof2009
5828|#73MostSharedMovieof2009
5829|#8BestMovieof2021
5830|#5BestMovieof2012
5831|#21MostDiscussedMovieof2013
5832|#67MostSharedMovieof2013
5833|#99MostSharedMovieof2014
5834|#85MostDiscussedMovieof2012
5835|#35MostSharedMovieof2012
5836|#91MostSharedMovieof2012
5837|#55BestMovieof2004
5838|#50MostDiscussedMovieof2000
5839|#28MostSharedMovieof2000
5840|#3MostDiscussedMovieof2011
5841|#16MostSharedMovieof2011
5842|#7MostDiscussedMovieof2017
5843|#14MostSharedMovieof2017
5844|#11MostDiscussedMovieof2013
5845|#31MostSharedMovieof2013
5846|#70MostDiscussedMovieof2021
5847|#12BestMovieof2017
5848|#24MostDiscussedMovieof2017
5849|#41MostSharedMovieof2017
5850|#65BestMovieof2018
5851|#90BestMovieof2009
5852|#32BestMovieof2006
5853|#62MostDiscussedMovieof2021
5854|#86BestMovieof2018
5855|#35BestMovieof2011
5856|#95BestMovieof2006
5857|#56BestMovieof2003
5858|#75MostDiscussedMovieof2021
5859|#6BestMovieof2015
5860|#81BestMovieof2007
5861|#6BestMovieof2020
5862|#98BestMovieof2004
5863|#5BestMovieof2002
5864|#34MostSharedMovieof2003
5865|#86BestMovieof2013
5866|#75BestMovieof2021
5867|#18BestMovieof2011
5868|#35MostDiscussedMovieof2011
5869|#6MostSharedMovieof2011
5870|#92BestMovieof2010
5871|#85BestMovieof2007
5872|#34MostDiscussedMovieof2000
5873|#89MostDiscussedMovieof2021
5874|#69BestMovieof2000
5875|#97MostDiscussedMovieof2007
5876|#8BestMovieof2003
5877|#30BestMovieof2011
5878|#25BestMovieof2020
5879|#50BestMovieof2010
5880|#20BestMovieof2001
5881|#80MostSharedMovieof2001
5882|#84BestMovieof2004
5883|#46BestMovieof2009
5884|#82BestMovieof2013
5885|#56MostDiscussedMovieof2021
5886|#32BestMovieof2004
5887|#60MostDiscussedMovieof2021
5888|#18MostDiscussedMovieof2018
5889|#14MostSharedMovieof2018
5890|#82BestMovieof2011
5891|#22MostDiscussedMovieof2015
5892|#94MostSharedMovieof2015
5893|#5BestMovieof2016
5894|#43BestMovieof2019
5895|#33BestMovieof2005
5896|#81BestMovieof2019
5897|#44BestMovieof2014
5898|#88MostDiscussedMovieof2014
5899|#95MostSharedMovieof2014
5900|#77MostDiscussedMovieof2004
5901|#55MostSharedMovieof2004
5902|#98BestMovieof2002
5903|#36MostDiscussedMovieof2012
5904|#66MostSharedMovieof2012
5905|#59BestMovieof2020
5906|#54MostSharedMovieof2019
5907|#69BestMovieof2005
5908|#26BestMovieof2004
5909|#16MostSharedMovieof2013
5910|#7BestMovieof2016
5911|#67MostDiscussedMovieof2011
5912|#3BestMovieof2010
5913|#3MostDiscussedMovieof2010
5914|#8MostSharedMovieof2010
5915|#31BestMovieof2019
5916|#23MostDiscussedMovieof2019
5917|#8MostSharedMovieof2019
5918|#73BestMovieof2014
5919|#7BestMovieof2000
5920|#47MostDiscussedMovieof2000
5921|#32MostSharedMovieof2000
5922|#62MostSharedMovieof2018
5923|#54MostDiscussedMovieof2016
5924|#77MostSharedMovieof2016
5925|#84MostDiscussedMovieof2020
5926|#99BestMovieof2001
5927|#27MostDiscussedMovieof2001
5928|#13MostSharedMovieof2001
5929|#45MostDiscussedMovieof2015
5930|#42MostSharedMovieof2015
5931|#76MostDiscussedMovieof2013
5932|#49MostDiscussedMovieof2014
5933|#97MostSharedMovieof2014
5934|#4MostDiscussedMovieof2007
5935|#4MostSharedMovieof2007
5936|#8MostDiscussedMovieof2014
5937|#45MostSharedMovieof2014
5938|#4MostDiscussedMovieof2011
5939|#40MostSharedMovieof2011
5940|#2MostDiscussedMovieof2009
5941|#39MostSharedMovieof2009
5942|#31MostDiscussedMovieof2017
5943|#38MostSharedMovieof2017
5944|#42BestMovieof2019
5945|#99MostSharedMovieof2019
5946|#57MostDiscussedMovieof2005
5947|#53MostSharedMovieof2005
5948|#76BestMovieof2008
5949|#96MostSharedMovieof2002
5950|#84BestMovieof2016
5951|#41MostSharedMovieof2002
5952|#73BestMovieof2009
5953|#21BestMovieof2007
5954|#86BestMovieof2005
5955|#72MostDiscussedMovieof2019
5956|#46MostSharedMovieof2019
5957|#34BestMovieof2006
5958|#96MostDiscussedMovieof2006
5959|#72MostDiscussedMovieof2016
5960|#74MostSharedMovieof2016
5961|#54MostDiscussedMovieof2020
5962|#5MostSharedMovieof2020
5963|#36BestMovieof2001
5964|#10MostDiscussedMovieof2010
5965|#47MostSharedMovieof2010
5966|#72BestMovieof2017
5967|#82BestMovieof2008
5968|#16MostDiscussedMovieof2008
5969|#73MostSharedMovieof2008
5970|#52BestMovieof2005
5971|#22BestMovieof2008
5972|#28MostDiscussedMovieof2004
5973|#9MostSharedMovieof2004
5974|#33BestMovieof2010
5975|#12MostDiscussedMovieof2010
5976|#40MostSharedMovieof2010
5977|#63BestMovieof2017
5978|#83BestMovieof2008
5979|#88MostSharedMovieof2006
5980|#81MostSharedMovieof2011
5981|#38BestMovieof2011
5982|#65BestMovieof2002
5983|#79MostSharedMovieof2002
5984|#95MostDiscussedMovieof2018
5985|#34MostSharedMovieof2018
5986|#6BestMovieof2009
5987|#93MostSharedMovieof2013
5988|#8BestMovieof2005
5989|#90MostDiscussedMovieof2005
5990|#90MostSharedMovieof2005
5991|#82MostDiscussedMovieof2014
5992|#79MostSharedMovieof2014
5993|#80BestMovieof2008
5994|#7MostDiscussedMovieof2008
5995|#7MostSharedMovieof2008
5996|#55BestMovieof2015
5997|#9BestMovieof2014
5998|#40MostSharedMovieof2014
5999|#22BestMovieof2000
6000|#80BestMovieof2009
6001|#59BestMovieof2021
6002|#60BestMovieof2015
6003|#60MostSharedMovieof2002
6004|#17MostSharedMovieof2019
6005|#59MostSharedMovieof2018
6006|#73MostSharedMovieof2013
6007|#27BestMovieof2009
6008|#94MostDiscussedMovieof2000
6009|#76BestMovieof2007
6010|#21BestMovieof2008
6011|#92MostSharedMovieof2019
6012|#40MostDiscussedMovieof2006
6013|#24MostSharedMovieof2006
6014|#5MostDiscussedMovieof2000
6015|#6MostSharedMovieof2000
6016|#60MostDiscussedMovieof2014
6017|#42MostSharedMovieof2014
6018|#9BestMovieof2017
6019|#9BestMovieof2011
6020|#28BestMovieof2012
6021|#88BestMovieof2011
6022|#46MostSharedMovieof2000
6023|#45BestMovieof2003
6024|#45MostSharedMovieof2008
6025|#9BestMovieof2001
6026|#57BestMovieof2009
6027|#33BestMovieof2016
6028|#44MostSharedMovieof2019
6029|#59BestMovieof2014
6030|#37MostDiscussedMovieof2014
6031|#43MostSharedMovieof2014
6032|#51BestMovieof2016
6033|#100BestMovieof2002
6034|#84MostSharedMovieof2004
6035|#58BestMovieof2010
6036|#29MostDiscussedMovieof2020
6037|#22MostDiscussedMovieof2003
6038|#22MostSharedMovieof2003
6039|#61MostDiscussedMovieof2012
6040|#38MostDiscussedMovieof2006
6041|#67MostDiscussedMovieof2009
6042|#7MostSharedMovieof2002
6043|#49MostDiscussedMovieof2015
6044|#62MostDiscussedMovieof2020
6045|#99MostDiscussedMovieof2019
6046|#3BestMovieof2006
6047|#19MostDiscussedMovieof2006
6048|#59MostSharedMovieof2006
6049|#56MostDiscussedMovieof2011
6050|#13MostSharedMovieof2011
6051|#75MostDiscussedMovieof2005
6052|#43MostDiscussedMovieof2019
6053|#42MostSharedMovieof2019
6054|#70BestMovieof2017
6055|#96MostDiscussedMovieof2018
6056|#82MostSharedMovieof2018
6057|#51MostDiscussedMovieof2010
6058|#7BestMovieof2009
6059|#9MostDiscussedMovieof2009
6060|#3MostSharedMovieof2009
6061|#50BestMovieof2005
6062|#26BestMovieof2009
6063|#21MostDiscussedMovieof2009
6064|#83MostSharedMovieof2009
6065|#11BestMovieof2008
6066|#46MostDiscussedMovieof2018
6067|#97MostSharedMovieof2018
6068|#81BestMovieof2021
6069|#44BestMovieof2013
6070|#99MostDiscussedMovieof2000
6071|#67BestMovieof2000
6072|#56BestMovieof2019
6073|#15MostDiscussedMovieof2019
6074|#5MostSharedMovieof2019
6075|#8MostDiscussedMovieof2006
6076|#3MostSharedMovieof2006
6077|#37BestMovieof2001
6078|#87MostDiscussedMovieof2007
6079|#59MostDiscussedMovieof2015
6080|#34MostDiscussedMovieof2001
6081|#99MostDiscussedMovieof2010
6082|#33MostSharedMovieof2010
6083|#25MostDiscussedMovieof2017
6084|#44MostSharedMovieof2017
6085|#17MostSharedMovieof2010
6086|#54MostDiscussedMovieof2008
6087|#72MostSharedMovieof2008
6088|#68MostDiscussedMovieof2010
6089|#38MostDiscussedMovieof2004
6090|#20MostSharedMovieof2004
6091|#79MostDiscussedMovieof2002
6092|#19MostDiscussedMovieof2001
6093|#14MostSharedMovieof2001
6094|#41MostDiscussedMovieof2008
6095|#69MostSharedMovieof2008
6096|#26BestMovieof2019
6097|#83MostDiscussedMovieof2019
6098|#83MostSharedMovieof2005
6099|#4MostDiscussedMovieof2018
6100|#11MostSharedMovieof2018
6101|#21MostDiscussedMovieof2021
6102|#27BestMovieof2006
6103|#21BestMovieof2004
6104|#25MostSharedMovieof2012
6105|#41MostDiscussedMovieof2018
6106|#88BestMovieof2008
6107|#53MostDiscussedMovieof2008
6108|#66MostSharedMovieof2008
6109|#80MostSharedMovieof2015
6110|#92BestMovieof2015
6111|#15BestMovieof2010
6112|#31BestMovieof2013
6113|#22BestMovieof2020
6114|#70MostDiscussedMovieof2020
6115|#22BestMovieof2006
6116|#59MostDiscussedMovieof2006
6117|#70MostSharedMovieof2006
6118|#83BestMovieof2016
6119|#66MostSharedMovieof2002
6120|#4MostSharedMovieof2008
6121|#39BestMovieof2013
6122|#47BestMovieof2012
6123|#86MostDiscussedMovieof2005
6124|#27MostSharedMovieof2005
6125|#32BestMovieof2010
6126|#67BestMovieof2007
6127|#83MostDiscussedMovieof2007
6128|#80MostSharedMovieof2007
6129|#25BestMovieof2001
6130|#52MostDiscussedMovieof2001
6131|#49MostSharedMovieof2001
6132|#89MostDiscussedMovieof2007
6133|#96BestMovieof2005
6134|#23MostDiscussedMovieof2005
6135|#81MostSharedMovieof2005
6136|#86BestMovieof2017
6137|#2BestMovieof2008
6138|#2MostDiscussedMovieof2008
6139|#11MostSharedMovieof2008
6140|#84MostDiscussedMovieof2010
6141|#4BestMovieof2005
6142|#28MostDiscussedMovieof2005
6143|#4BestMovieof2008
6144|#93MostDiscussedMovieof2012
6145|#14MostDiscussedMovieof2008
6146|#15MostSharedMovieof2008
6147|#76MostDiscussedMovieof2016
6148|#76MostSharedMovieof2016
6149|#54BestMovieof2017
6150|#30MostDiscussedMovieof2017
6151|#20MostSharedMovieof2017
6152|#31MostDiscussedMovieof2011
6153|#76MostSharedMovieof2011
6154|#87BestMovieof2005
6155|#12MostDiscussedMovieof2005
6156|#21MostSharedMovieof2005
6157|#34BestMovieof2002
6158|#20BestMovieof2013
6159|#4MostDiscussedMovieof2016
6160|#16MostSharedMovieof2016
6161|#51MostDiscussedMovieof2013
6162|#58MostDiscussedMovieof2011
6163|#79MostSharedMovieof2011
6164|#12MostSharedMovieof2020
6165|#47BestMovieof2010
6166|#30BestMovieof2014
6167|#3MostDiscussedMovieof2009
6168|#6MostSharedMovieof2009
6169|#52BestMovieof2006
6170|#65BestMovieof2000
6171|#38MostSharedMovieof2000
6172|#66MostDiscussedMovieof2011
6173|#30BestMovieof2003
6174|#68BestMovieof2019
6175|#7MostSharedMovieof2011
6176|#78MostDiscussedMovieof2006
6177|#16BestMovieof2014
6178|#83MostDiscussedMovieof2011
6179|#63BestMovieof2015
6180|#88MostDiscussedMovieof2011
6181|#5MostSharedMovieof2011
6182|#84BestMovieof2013
6183|#54BestMovieof2018
6184|#2BestMovieof2011
6185|#62MostSharedMovieof2011
6186|#58MostDiscussedMovieof2002
6187|#27MostSharedMovieof2002
6188|#59MostDiscussedMovieof2020
6189|#6MostSharedMovieof2020
6190|#44MostDiscussedMovieof2005
6191|#51MostSharedMovieof2005
6192|#34BestMovieof2011
6193|#30BestMovieof2016
6194|#21BestMovieof2020
6195|#86BestMovieof2015
6196|#34BestMovieof2008
6197|#3BestMovieof2001
6198|#38MostDiscussedMovieof2001
6199|#67MostSharedMovieof2001
6200|#46MostDiscussedMovieof2013
6201|#32MostSharedMovieof2013
6202|#43BestMovieof2012
6203|#31BestMovieof2021
6204|#68MostDiscussedMovieof2021
6205|#15BestMovieof2015
6206|#63BestMovieof2018
6207|#67BestMovieof2019
6208|#63MostDiscussedMovieof2001
6209|#24MostSharedMovieof2001
6210|#76BestMovieof2014
6211|#34BestMovieof2003
6212|#45MostDiscussedMovieof2003
6213|#67MostSharedMovieof2003
6214|#33BestMovieof2021
6215|#81BestMovieof2008
6216|#100MostDiscussedMovieof2017
6217|#54MostDiscussedMovieof2000
6218|#29MostSharedMovieof2000
6219|#70MostDiscussedMovieof2000
6220|#46BestMovieof2013
6221|#18BestMovieof2020
6222|#35BestMovieof2002
6223|#88MostDiscussedMovieof2015
6224|#57MostDiscussedMovieof2000
6225|#59MostSharedMovieof2000
6226|#26BestMovieof2021
6227|#88MostDiscussedMovieof2006
6228|#5BestMovieof2006
6229|#84BestMovieof2007
6230|#86MostDiscussedMovieof2000
6231|#84MostSharedMovieof2000
6232|#20MostDiscussedMovieof2009
6233|#41MostSharedMovieof2009
6234|#72MostSharedMovieof2019
6235|#66MostDiscussedMovieof2003
6236|#52BestMovieof2013
6237|#100BestMovieof2015
6238|#10BestMovieof2014
6239|#19MostDiscussedMovieof2014
6240|#24MostSharedMovieof2014
6241|#92MostDiscussedMovieof2000
6242|#49MostDiscussedMovieof2004
6243|#17MostSharedMovieof2004
6244|#70BestMovieof2015
6245|#67MostDiscussedMovieof2013
6246|#72MostSharedMovieof2013
6247|#30BestMovieof2010
6248|#61BestMovieof2020
6249|#68BestMovieof2017
6250|#97MostDiscussedMovieof2002
6251|#49BestMovieof2018
6252|#94BestMovieof2012
6253|#84BestMovieof2017
6254|#93MostDiscussedMovieof2007
6255|#61MostSharedMovieof2007
6256|#80MostSharedMovieof2010
6257|#73MostDiscussedMovieof2016
6258|#43BestMovieof2018
6259|#60MostDiscussedMovieof2018
6260|#92BestMovieof2021
6261|#74MostDiscussedMovieof2014
6262|#37MostSharedMovieof2014
6263|#59MostDiscussedMovieof2007
6264|#73MostSharedMovieof2007
6265|#73BestMovieof2019
6266|#59MostSharedMovieof2019
6267|#96BestMovieof2015
6268|#79BestMovieof2018
6269|#46MostDiscussedMovieof2021
6270|#80MostDiscussedMovieof2004
6271|#71BestMovieof2011
6272|#50MostDiscussedMovieof2017
6273|#63MostSharedMovieof2017
6274|#82MostSharedMovieof2002
6275|#22BestMovieof2003
6276|#98BestMovieof2010
6277|#84BestMovieof2011
6278|#75BestMovieof2015
6279|#13BestMovieof2014
6280|#4BestMovieof2010
6281|#41MostDiscussedMovieof2010
6282|#13MostSharedMovieof2010
6283|#98MostDiscussedMovieof2017
6284|#73MostSharedMovieof2004
6285|#10BestMovieof2021
6286|#49MostDiscussedMovieof2005
6287|#14BestMovieof2020
6288|#63MostDiscussedMovieof2020
6289|#62BestMovieof2019
6290|#95MostDiscussedMovieof2015
6291|#73BestMovieof2008
6292|#4MostSharedMovieof2000
6293|#73MostDiscussedMovieof2017
6294|#87MostSharedMovieof2017
6295|#72BestMovieof2000
6296|#4MostDiscussedMovieof2017
6297|#5MostSharedMovieof2017
6298|#1MostDiscussedMovieof2020
6299|#79BestMovieof2000
6300|#40BestMovieof2018
6301|#88MostDiscussedMovieof2018
6302|#79BestMovieof2006
6303|#84BestMovieof2019
6304|#63BestMovieof2011
6305|#79MostDiscussedMovieof2006
6306|#9MostDiscussedMovieof2013
6307|#26MostSharedMovieof2013
6308|#47MostSharedMovieof2013
6309|#61MostDiscussedMovieof2021
6310|#15MostDiscussedMovieof2012
6311|#12MostSharedMovieof2012
6312|#44BestMovieof2019
6313|#48BestMovieof2014
6314|#47BestMovieof2021
6315|#32MostDiscussedMovieof2003
6316|#2MostSharedMovieof2003
6317|#84MostSharedMovieof2003
6318|#86MostSharedMovieof2000
6319|#4MostDiscussedMovieof2000
6320|#2MostSharedMovieof2000
6321|#12MostDiscussedMovieof2016
6322|#19MostSharedMovieof2016
6323|#7MostDiscussedMovieof2014
6324|#29MostSharedMovieof2014
6325|#6MostDiscussedMovieof2011
6326|#27MostSharedMovieof2011
6327|#37MostDiscussedMovieof2009
6328|#29MostSharedMovieof2009
6329|#11MostDiscussedMovieof2006
6330|#39MostSharedMovieof2006
6331|#8MostDiscussedMovieof2003
6332|#10MostSharedMovieof2003
6333|#10MostSharedMovieof2017
6334|#41MostDiscussedMovieof2002
6335|#1MostSharedMovieof2002
6336|#92MostDiscussedMovieof2017
6337|#1MostSharedMovieof2017
6338|#1MostSharedMovieof2005
6339|#1MostSharedMovieof2003
6340|#2MostSharedMovieof2008
6341|#4BestMovieof2002
6342|#61MostDiscussedMovieof2002
6343|#22MostSharedMovieof2002
6344|#56MostDiscussedMovieof2009
6345|#48MostSharedMovieof2005
6346|#61MostDiscussedMovieof2008
6347|#92MostSharedMovieof2008
6348|#54MostDiscussedMovieof2019
6349|#31MostSharedMovieof2019
6350|#2BestMovieof2000
6351|#41MostDiscussedMovieof2000
6352|#21MostSharedMovieof2000
6353|#95MostDiscussedMovieof2010
6354|#89BestMovieof2003
6355|#65MostSharedMovieof2010
6356|#9BestMovieof2000
6357|#58MostDiscussedMovieof2000
6358|#50MostSharedMovieof2000
6359|#89BestMovieof2011
6360|#40MostDiscussedMovieof2008
6361|#64MostSharedMovieof2008
6362|#54MostSharedMovieof2004
6363|#41BestMovieof2009
6364|#42BestMovieof2018
6365|#55MostDiscussedMovieof2018
6366|#25MostSharedMovieof2018
6367|#78MostSharedMovieof2004
6368|#74MostDiscussedMovieof2011
6369|#2MostSharedMovieof2011
6370|#59BestMovieof2008
6371|#77MostDiscussedMovieof2011
6372|#83BestMovieof2017
6373|#40MostDiscussedMovieof2017
6374|#54MostSharedMovieof2017
6375|#69MostDiscussedMovieof2013
6376|#17MostSharedMovieof2013
6377|#8MostSharedMovieof2020
6378|#92MostSharedMovieof2015
6379|#68MostDiscussedMovieof2004
6380|#60MostDiscussedMovieof2008
6381|#50MostSharedMovieof2008
6382|#1MostDiscussedMovieof2021
6383|#17BestMovieof2018
6384|#82MostDiscussedMovieof2005
6385|#34MostSharedMovieof2005
6386|#2BestMovieof2012
6387|#11MostDiscussedMovieof2012
6388|#8MostSharedMovieof2012
6389|#85BestMovieof2016
6390|#50BestMovieof2003
6391|#80BestMovieof2001
6392|#48BestMovieof2007
6393|#28MostDiscussedMovieof2007
6394|#28MostSharedMovieof2007
6395|#88BestMovieof2009
6396|#14MostDiscussedMovieof2009
6397|#33MostSharedMovieof2009
6398|#42MostDiscussedMovieof2019
6399|#46MostSharedMovieof2007
6400|#58MostSharedMovieof2011
6401|#17MostDiscussedMovieof2001
6402|#40MostSharedMovieof2001
6403|#87MostDiscussedMovieof2016
6404|#80MostSharedMovieof2016
6405|#80BestMovieof2016
6406|#11MostDiscussedMovieof2016
6407|#24MostSharedMovieof2016
